1378.8,52.1,818.0,275.4,329.8,721.4,390.0,673.7,309.2,
1378.7,55.2,830.5,274.0,331.6,709.9,402.1,670.1,318.5,
1391.2,82.4,825.3,286.2,344.4,710.2,404.2,653.1,307.5,
1389.5,77.3,836.6,285.8,340.1,712.0,409.2,648.7,303.7,
1372.5,74.6,838.6,292.0,343.1,713.4,408.1,651.3,308.5,
1374.0,103.9,831.5,302.8,343.9,707.6,407.7,659.5,311.2,
1371.5,113.7,849.8,295.4,346.0,731.2,394.2,651.1,278.5,
1376.5,124.4,844.6,290.0,339.7,731.1,406.5,653.5,300.6,
1377.6,118.7,841.9,316.8,354.3,714.7,399.5,643.3,287.3,
1367.0,129.9,840.9,305.4,334.1,714.5,408.4,644.1,301.2,
1376.5,130.7,864.0,313.5,361.7,729.5,399.1,651.9,265.7,
1378.4,120.5,882.2,330.4,360.3,736.4,404.0,634.0,274.9,
1376.6,134.7,888.2,325.6,372.3,734.7,404.7,649.1,276.9,
1382.3,134.2,901.9,351.7,381.1,728.2,407.6,632.4,286.8,
1380.7,127.3,899.3,339.8,368.8,725.9,402.4,647.4,279.0,
1383.8,128.3,926.4,345.0,388.1,729.8,402.2,634.4,276.4,
1374.0,131.6,918.4,350.4,391.3,723.8,399.7,631.9,269.4,
1378.6,132.9,927.2,353.1,398.9,730.0,386.1,626.8,275.4,
1382.2,129.7,917.9,358.4,422.6,734.5,416.1,627.4,251.6,
1383.4,126.6,933.1,363.4,406.5,725.8,419.7,634.6,263.9,
1377.9,135.6,925.4,398.7,426.4,741.0,427.7,639.5,270.6,
1384.7,134.4,920.4,395.9,415.1,767.6,404.8,643.9,256.3,
1378.6,135.4,920.4,421.2,421.3,764.1,413.7,632.0,266.1,
1387.9,140.4,928.0,421.1,435.0,778.4,439.9,640.1,239.7,
1382.1,137.0,930.0,407.1,439.8,772.5,417.8,635.2,240.1,
1392.1,138.4,927.4,420.6,465.4,789.6,420.3,640.9,262.4,
1387.1,133.0,926.3,429.5,456.5,796.2,427.1,635.1,249.4,
1386.2,142.0,926.8,428.5,461.1,790.8,431.2,643.6,246.9,
1388.6,133.7,940.7,432.6,460.9,795.0,444.8,632.1,266.5,
1390.2,145.7,927.4,426.3,484.7,807.6,422.5,634.4,255.2,
1394.0,138.4,933.0,421.2,492.6,819.4,447.4,659.8,254.5,
1400.5,143.9,935.1,426.8,511.0,814.8,462.7,645.9,264.6,
1393.3,144.8,934.7,422.9,516.9,827.2,474.2,667.3,261.5,
1399.7,144.5,935.6,432.1,528.5,804.4,464.5,647.7,259.4,
1394.4,143.1,938.9,432.6,511.5,841.6,473.2,664.7,273.6,
1396.7,143.7,935.8,430.5,532.3,858.5,482.9,688.3,273.1,
1390.4,148.9,939.6,426.6,527.8,850.9,501.7,676.1,275.4,
1404.4,153.6,938.9,431.4,518.2,869.6,513.4,685.4,283.6,
1395.2,153.8,944.4,431.7,515.8,872.2,500.5,685.0,262.5,
1399.9,149.6,943.2,432.2,522.1,879.9,490.6,706.3,283.8,
1396.7,152.4,948.9,427.2,513.2,879.8,525.6,710.6,299.2,
1401.9,152.9,940.6,437.2,509.4,906.6,499.3,723.5,274.5,
1404.1,159.1,942.7,429.6,517.3,897.3,537.9,708.3,287.5,
1392.8,158.8,949.9,437.5,513.6,913.6,550.7,719.5,286.9,
1391.6,153.0,944.8,442.6,515.7,907.6,535.8,737.5,288.1,
1399.7,154.6,949.1,436.0,533.2,898.4,574.8,750.7,301.8,
1409.7,168.9,939.5,440.0,514.7,899.9,579.9,727.6,304.5,
1413.2,166.0,949.5,442.4,524.1,899.8,564.4,726.1,300.1,
1395.0,159.6,950.0,432.5,529.0,898.9,585.1,759.7,324.7,
1405.2,158.6,955.7,441.5,522.6,899.3,602.8,756.5,315.3,
1410.1,165.5,946.0,441.4,524.8,901.6,589.5,760.1,332.5,
1418.2,173.2,955.3,439.9,529.8,899.0,608.0,754.2,346.8,
1409.4,168.0,951.4,445.4,528.0,899.8,599.7,781.1,351.2,
1408.6,166.5,950.9,444.9,530.0,892.2,601.2,779.0,344.7,
1406.7,169.9,958.6,447.4,534.1,900.9,603.1,803.5,345.8,
1408.7,171.6,959.0,449.5,529.2,909.0,593.4,801.8,361.0,
1409.9,177.8,951.5,451.8,529.1,901.8,585.0,798.6,359.3,
1411.6,173.4,952.1,450.7,540.2,909.0,592.1,810.4,358.6,
1419.4,169.6,968.2,451.8,537.4,907.2,594.1,830.3,355.0,
1413.8,168.9,963.9,451.3,536.1,902.9,596.8,821.2,369.7,
1419.0,175.1,962.5,455.3,536.5,917.0,593.2,818.8,397.6,
1414.2,186.5,963.9,447.2,540.8,908.9,591.2,824.8,402.9,
1423.1,174.9,962.8,460.0,546.7,912.6,595.5,829.5,409.2,
1428.9,186.3,968.3,459.2,541.1,906.9,587.2,812.1,434.6,
1426.6,177.1,971.6,453.8,535.4,911.4,604.1,822.4,428.2,
1432.3,191.6,968.6,463.7,542.7,915.3,602.5,831.1,440.8,
1432.0,188.4,963.6,462.0,550.4,925.7,597.4,828.4,449.8,
1436.2,191.7,981.0,461.2,544.8,916.2,601.6,832.1,443.3,
1436.6,188.5,967.4,466.6,547.3,915.4,608.0,832.7,451.4,
1435.4,195.3,967.4,468.8,556.8,921.1,610.9,836.1,452.1,
1441.8,196.3,977.9,466.8,553.3,928.5,607.5,833.3,463.0,
1439.2,185.1,966.6,471.3,545.9,918.8,611.4,837.2,442.7,
1445.6,201.2,972.4,467.0,557.1,929.0,609.4,829.7,442.6,
1444.3,195.9,984.9,471.6,555.0,928.1,614.5,835.0,450.2,
1444.2,200.5,979.1,475.6,554.3,928.3,613.4,842.0,445.4,
1439.5,220.1,977.5,473.0,553.4,932.6,606.7,836.1,448.4,
1483.8,196.7,989.1,479.6,551.3,925.2,600.8,838.3,443.7,
1430.2,214.8,982.1,470.6,558.8,933.6,618.8,837.8,451.7,
1440.3,212.4,984.4,471.8,557.2,929.7,609.7,836.3,448.9,
1423.7,211.0,982.2,478.3,552.2,929.1,622.2,846.2,456.3,
1452.0,203.8,986.6,478.8,560.5,932.6,617.7,844.9,444.1,
1449.3,202.9,991.1,479.7,560.7,936.5,616.0,841.5,455.8,
1448.7,225.7,991.1,479.9,560.8,936.3,622.4,843.0,456.9,
1448.7,219.5,998.2,479.4,560.1,930.1,623.1,843.9,454.7,
1449.7,215.0,986.1,486.5,566.9,935.6,622.9,846.2,455.1,
1446.0,210.6,1003.9,482.0,571.7,938.8,624.4,841.4,449.4,
1456.5,232.2,1008.3,488.8,573.9,943.8,623.3,846.0,461.2,
1428.3,244.5,1021.0,491.7,566.5,939.0,630.4,848.8,459.9,
1463.0,220.9,1005.8,494.1,568.7,944.6,622.9,848.5,452.8,
1470.2,226.1,1012.0,489.7,575.0,950.3,626.1,850.2,454.6,
1448.7,244.3,1003.7,492.7,580.0,937.3,626.2,850.3,457.0,
1467.4,224.2,1021.4,493.9,571.7,950.6,624.4,845.6,464.3,
1459.2,237.3,1010.6,512.1,581.4,942.4,631.5,857.3,459.0,
1462.6,239.1,1022.9,511.5,579.1,956.7,632.6,857.8,470.2,
1468.8,230.9,1020.3,518.4,584.6,948.9,640.1,855.5,467.8,
1457.2,232.4,1015.3,514.4,583.9,954.0,627.7,861.1,471.0,
1457.6,233.2,1034.1,509.6,584.1,953.1,640.7,858.3,465.9,
1458.3,246.9,1014.2,510.4,587.4,947.0,640.3,855.0,467.7,
1461.0,234.2,978.0,508.7,588.3,945.8,629.9,864.7,471.4,
1478.6,257.1,1039.5,514.1,584.7,962.4,631.5,861.5,473.7,
1454.5,240.5,1022.8,505.5,583.4,952.8,638.7,861.5,474.7,
1457.3,245.1,1026.8,512.3,589.9,953.1,640.0,863.3,463.2,
1452.8,243.5,1032.4,522.9,591.9,964.2,637.6,867.5,478.5,
1457.3,232.5,1017.0,524.2,595.8,963.9,649.8,869.0,473.8,
1444.8,231.8,1033.7,528.8,580.6,960.7,642.7,863.7,473.5,
1440.6,225.5,1041.9,537.2,599.9,975.9,645.7,871.4,473.7,
1447.0,216.4,1035.4,511.0,586.7,967.7,650.8,868.3,481.0,
1428.2,229.4,1046.2,526.0,606.7,969.0,650.2,868.0,482.6,
1434.9,228.1,1020.5,524.5,583.3,978.3,644.1,870.9,474.2,
1438.3,210.4,1026.1,524.9,597.1,977.2,653.3,876.5,480.9,
1441.6,233.8,1037.4,515.4,599.4,969.7,645.7,871.7,484.3,
1443.6,209.4,1041.2,522.1,597.0,963.2,661.3,873.4,478.4,
1432.8,218.8,1029.8,520.1,615.5,980.4,653.8,877.9,483.9,
1411.2,218.3,1031.9,543.1,595.1,993.3,653.7,874.7,480.3,
1412.3,209.2,1035.6,529.1,614.2,977.8,660.6,877.0,484.7,
1403.2,211.9,1042.3,530.2,602.8,971.4,664.6,880.3,488.6,
1431.6,215.4,1020.2,545.7,610.3,975.4,659.8,891.2,487.3,
1394.3,199.4,1031.9,532.3,622.7,984.8,664.0,882.7,495.9,
1386.8,197.1,1027.0,543.4,618.4,980.5,664.3,883.7,489.2,
1388.4,216.1,1026.2,519.4,623.7,977.5,673.2,887.3,492.2,
1380.5,210.4,1037.8,521.5,593.8,1009.2,655.9,883.0,487.1,
1374.4,227.4,992.0,544.1,626.2,977.7,690.0,884.4,502.6,
1373.8,208.8,1015.6,529.2,625.9,995.8,655.0,889.8,484.0,
1377.5,185.6,1025.9,536.8,627.9,987.8,661.5,888.2,501.0,
1370.8,185.2,1020.4,517.2,631.6,984.0,686.0,889.5,504.8,
1362.1,178.7,1019.0,529.8,638.2,1004.5,680.0,895.9,500.4,
1363.9,181.7,1013.5,524.4,625.5,999.9,675.9,904.2,501.3,
1337.6,165.9,1004.9,526.2,611.2,998.8,679.3,890.3,504.8,
1350.2,163.0,1012.8,526.7,634.3,988.5,674.1,894.8,506.2,
1341.4,168.0,1006.7,528.0,629.3,1005.8,703.4,908.4,515.7,
1330.4,166.7,997.9,526.5,620.6,992.6,678.3,902.2,512.4,
1320.1,150.0,996.5,519.5,628.4,1010.4,672.3,904.8,513.5,
1299.5,147.0,1006.1,514.2,653.6,1005.1,683.8,900.0,525.7,
1301.5,139.4,991.3,524.8,629.4,988.5,688.2,901.3,523.8,
1303.3,147.7,986.2,525.2,631.1,1006.6,689.8,910.4,519.7,
1285.4,122.6,978.1,524.8,634.5,1000.0,685.1,915.5,527.8,
1279.9,141.8,972.1,520.8,613.7,1000.6,683.8,919.5,516.9,
1283.2,119.0,971.6,510.8,628.5,1020.4,684.5,910.8,535.0,
1276.9,114.3,959.1,511.3,624.2,1004.2,696.0,907.0,533.2,
1277.2,105.7,953.7,518.9,607.0,1005.3,699.5,918.9,523.6,
1269.1,89.6,948.3,495.0,599.8,1015.5,688.6,918.6,527.0,
1282.8,75.4,935.6,496.2,596.8,996.2,703.8,914.1,518.9,
1276.8,71.7,947.1,476.5,602.0,980.3,702.1,917.7,535.6,
1284.4,82.1,930.8,482.0,600.9,1010.2,695.7,911.1,530.2,
1287.1,63.1,916.8,482.0,617.1,1003.4,747.8,918.6,546.7,
1282.9,60.7,923.1,451.0,595.8,1005.7,692.9,937.9,534.9,
1283.1,49.3,936.7,444.6,602.2,1001.1,708.1,914.6,553.6,
1279.4,54.2,904.0,454.7,608.8,1014.0,707.2,919.7,546.7,
1276.5,49.2,905.3,441.6,599.2,998.7,723.9,920.3,533.7,
1285.4,59.9,888.4,438.1,586.0,990.6,679.2,914.0,536.1,
1278.1,49.6,897.5,446.8,570.3,992.9,703.1,925.4,545.3,
1274.9,51.1,889.1,434.7,592.2,984.3,708.4,935.1,545.4,
1278.7,61.6,868.6,453.6,576.8,981.5,701.7,932.5,558.9,
1277.1,53.1,857.1,421.5,569.7,989.3,713.5,934.3,550.7,
1277.7,56.7,859.1,414.1,573.4,983.5,695.2,942.3,532.7,
1281.6,56.4,859.9,410.7,545.6,979.8,699.5,938.1,549.2,
1279.2,60.5,846.6,411.0,553.0,961.9,694.4,928.6,547.5,
1278.1,62.1,851.5,407.5,547.6,981.8,686.8,938.0,562.5,
1268.9,62.6,854.2,418.2,526.9,969.4,685.9,933.1,545.7,
1273.4,60.2,855.5,413.1,532.7,978.6,692.3,930.7,562.2,
1284.3,65.3,841.8,388.7,560.0,952.4,688.5,948.8,556.4,
1274.5,56.8,851.7,381.7,530.2,958.6,679.4,947.8,553.1,
1268.8,58.2,855.7,382.5,543.4,954.5,674.3,925.8,565.0,
1274.6,54.2,856.5,365.5,536.8,947.4,666.6,935.1,550.2,
1271.2,53.9,855.8,368.7,510.8,925.3,680.5,924.0,550.1,
1273.2,52.5,853.1,357.7,521.8,949.6,675.2,931.7,553.8,
1272.8,54.5,858.1,356.0,516.8,941.7,655.5,918.4,563.2,
1267.0,59.1,856.4,349.3,492.9,924.5,670.5,923.8,562.7,
1269.7,46.5,853.1,342.3,501.1,921.3,684.8,915.8,561.4,
1268.1,53.7,847.9,352.5,490.3,933.4,662.7,923.5,554.5,
1276.6,41.6,853.6,347.5,484.8,921.3,658.7,914.9,558.6,
1269.0,37.9,856.1,359.4,475.9,907.4,661.3,902.8,542.4,
1273.0,51.5,850.2,351.1,468.1,893.2,658.1,918.4,552.1,
1266.6,46.0,852.0,355.1,458.5,908.5,632.0,922.0,555.8,
1271.6,45.0,850.5,359.0,449.2,893.4,638.2,920.1,552.0,
1267.0,39.1,853.8,356.6,451.3,888.7,623.6,914.0,548.6,
1264.5,34.6,845.6,355.6,446.4,894.5,633.3,910.6,551.4,
1265.3,35.4,854.1,358.3,438.3,907.7,617.8,907.4,559.6,
1267.7,55.0,853.1,349.5,434.3,879.5,608.2,906.9,544.1,
1264.9,37.3,840.7,351.4,439.3,874.6,610.9,908.6,547.4,
1263.4,39.5,845.5,358.5,444.3,863.1,617.4,894.7,546.4,
1266.3,42.8,841.2,351.9,441.3,857.9,609.6,892.2,540.4,
1262.7,49.7,840.3,348.9,449.1,866.7,614.5,889.8,536.3,
1263.6,38.1,842.9,350.7,448.9,852.8,604.3,896.5,532.7,
1260.7,43.9,843.7,353.0,443.3,842.5,592.1,884.9,542.1,
1258.4,34.7,846.5,351.1,437.9,835.7,587.8,846.8,524.0,
1260.8,35.9,836.0,349.6,442.9,839.9,606.0,859.2,535.0,
1255.1,31.8,841.1,352.7,445.2,822.6,579.5,875.9,526.2,
1257.5,23.1,843.8,345.9,438.9,814.7,582.6,858.4,535.4,
1251.6,35.8,837.2,347.3,440.5,816.2,576.5,834.3,537.7,
1251.4,28.0,846.3,345.3,437.3,820.0,565.3,832.1,546.0,
1261.2,38.4,842.4,350.8,432.8,825.3,548.9,834.6,518.9,
1249.3,32.2,837.7,344.7,446.1,824.5,549.8,824.7,514.3,
1256.1,32.6,833.3,348.4,441.7,827.0,543.7,825.8,505.3,
1259.1,32.3,838.8,341.8,442.3,829.4,555.4,822.4,505.8,
1252.7,37.3,835.9,346.6,433.4,830.2,533.2,841.4,519.0,
1261.7,30.8,843.8,343.5,436.4,834.6,517.5,833.1,491.7,
1248.6,25.1,846.4,348.8,442.0,828.3,538.6,834.3,487.2,
1251.4,23.8,836.7,346.7,436.5,828.9,527.3,818.9,505.3,
1254.3,31.8,844.3,336.2,446.3,834.3,521.7,816.7,481.9,
1243.8,27.1,838.3,343.0,439.2,823.0,510.9,807.1,480.8,
1248.7,24.7,839.0,339.8,439.7,822.9,508.2,810.0,467.8,
1253.0,18.9,837.0,344.3,442.8,827.5,508.6,791.8,466.6,
1250.5,27.9,837.7,343.8,432.9,827.2,511.5,790.9,466.6,
1247.3,23.1,835.8,338.1,439.4,828.5,523.2,796.5,476.8,
1243.6,23.0,824.9,336.9,429.8,825.5,517.9,795.7,450.1,
1243.2,11.7,833.6,328.8,435.9,829.7,525.0,762.7,447.4,
1242.3,20.2,822.5,336.9,435.8,825.1,518.2,747.0,455.7,
1248.2,21.2,820.3,336.5,432.7,825.2,517.7,757.6,450.1,
1238.2,14.5,827.2,342.8,436.1,822.8,520.3,755.9,444.8,
1236.7,10.7,823.4,327.4,432.9,828.7,530.5,762.4,436.1,
1241.4,21.2,821.1,331.5,427.7,823.1,524.3,751.2,442.0,
1237.0,20.1,824.0,322.1,427.1,823.4,511.7,742.5,431.3,
1238.3,23.0,824.6,332.7,426.9,821.5,515.9,756.4,423.2,
1236.5,14.5,817.7,331.5,422.7,820.8,515.9,759.1,411.8,
1228.4,10.7,821.4,332.5,427.7,822.0,526.3,750.7,410.4,
1232.3,15.7,824.0,326.3,425.7,813.3,520.6,761.8,408.5,
1224.7,14.1,817.2,326.4,428.9,824.3,519.7,756.9,405.1,
1226.4,9.6,816.7,330.2,433.5,816.2,517.5,751.6,393.8,
1221.4,6.5,816.0,326.8,426.2,817.4,508.7,757.9,379.0,
1224.9,9.5,811.5,322.3,432.1,816.0,515.0,761.9,378.9,
1211.8,10.1,810.1,322.1,429.0,812.6,517.5,755.7,378.8,
1221.0,11.9,807.7,326.4,418.0,814.7,509.7,752.4,377.7,
1214.8,10.1,825.6,324.6,416.8,813.2,511.2,751.2,366.0,
1216.1,6.0,816.4,325.0,420.2,813.1,516.3,753.2,362.9,
1215.2,14.3,812.9,310.8,430.1,812.4,513.3,761.4,371.9,
1209.6,6.2,813.3,324.2,421.5,815.4,509.8,745.8,377.6,
1202.2,3.5,804.3,322.8,419.0,818.5,509.0,756.0,378.4,
1206.5,5.1,806.8,329.4,421.5,807.9,505.4,756.3,375.9,
1203.0,9.3,808.6,317.9,422.8,811.3,503.3,748.9,382.6,
1217.7,3.7,812.4,317.7,417.1,813.8,511.0,756.2,381.7,
1195.5,7.4,784.8,317.9,414.4,820.6,505.9,748.6,384.9,
1204.5,4.4,793.3,318.0,411.3,811.4,507.4,751.5,382.9,
1208.0,0.0,802.7,316.3,417.4,804.5,496.0,757.0,375.6,
1207.4,0.0,799.6,311.9,414.6,805.2,500.2,753.4,380.2,
1185.3,1.1,798.1,310.1,404.4,804.2,511.6,751.4,380.3,
1196.0,0.0,798.1,316.3,407.0,805.9,511.8,750.8,377.0,
1190.5,3.7,797.5,312.2,412.8,807.3,506.7,754.1,374.9,
1193.5,7.0,798.1,307.0,410.7,805.0,500.1,746.3,383.9,
1183.7,4.3,793.1,311.5,407.9,808.5,506.8,742.3,379.0,
1187.4,0.9,791.0,309.6,402.9,795.0,504.5,748.1,371.8,
1193.3,1.6,783.9,301.3,409.1,795.9,495.4,747.2,375.6,
1185.4,0.0,783.0,299.1,407.3,799.2,490.5,743.2,374.9,
1185.8,3.5,775.7,303.6,405.6,796.7,502.2,747.4,376.7,
1170.0,0.7,771.3,296.9,407.8,792.2,492.8,750.6,380.6,
1163.6,0.6,784.7,299.0,395.1,794.7,496.1,745.3,372.0,
1169.0,1.6,780.5,296.0,402.7,796.4,495.8,746.2,368.9,
1164.6,2.6,798.1,294.6,394.4,802.6,490.4,748.0,377.5,
1160.8,0.0,771.7,290.2,396.2,785.5,492.4,745.3,372.4,
1158.0,0.0,766.2,288.4,392.4,784.9,490.5,737.4,372.2,
1160.5,3.8,766.4,279.7,392.8,799.2,493.9,736.6,377.7,
1171.0,0.0,756.4,283.1,390.5,790.1,490.1,734.2,370.7,
1173.8,0.0,736.1,290.5,389.2,788.8,489.0,732.2,370.6,
1150.4,0.0,772.3,285.9,393.0,786.1,491.1,739.0,370.2,
1173.1,0.0,760.6,280.3,386.3,783.7,486.2,741.7,368.3,
1157.4,0.0,756.3,277.6,386.3,790.5,480.7,724.1,369.2,
1163.3,0.0,749.1,274.9,381.8,786.9,486.3,735.2,368.8,
1149.4,0.0,745.7,264.6,376.6,779.3,475.7,735.2,362.9,
1172.2,0.0,765.3,269.1,379.8,775.5,474.8,731.4,362.4,
1158.7,0.0,749.5,269.1,372.1,772.7,487.1,729.8,356.5,
1185.8,0.0,747.5,275.7,380.4,794.1,487.1,735.0,362.6,
1185.2,0.0,752.2,271.6,371.2,772.9,480.1,730.1,361.8,
1164.6,0.0,758.9,259.0,370.7,773.1,480.2,730.1,356.3,
1192.9,0.0,750.3,253.6,381.0,758.8,477.3,721.8,362.1,
1192.3,0.7,720.3,257.5,383.6,772.0,477.9,720.7,359.8,
1174.5,0.5,743.7,251.3,371.9,766.5,470.0,723.6,354.2,
1165.8,0.0,738.5,236.1,378.7,763.8,472.2,726.8,360.4,
1186.8,0.0,737.0,236.9,356.0,757.9,468.9,718.7,361.1,
1192.4,0.0,729.4,242.5,362.6,755.7,468.3,708.7,354.9,
1181.7,1.3,722.1,263.1,363.4,771.6,468.3,724.1,354.3,
1182.6,0.0,730.3,240.0,358.1,758.2,463.6,722.3,352.7,
1182.0,0.0,752.6,243.7,347.8,761.6,467.5,711.1,357.7,
1205.9,0.0,734.5,236.6,351.4,754.2,464.1,711.0,344.8,
1207.4,6.7,729.5,246.0,355.1,751.2,463.5,714.6,355.0,
1204.6,0.1,719.7,245.2,332.8,756.8,460.0,712.7,348.2,
1204.0,0.0,739.7,250.4,364.2,739.0,455.9,714.4,341.5,
1233.4,0.0,757.2,228.7,347.1,749.8,461.0,707.9,351.7,
1212.8,2.1,720.7,238.0,348.3,744.1,453.7,713.5,354.6,
1258.4,1.0,740.8,235.7,321.6,752.0,454.4,705.4,346.2,
1243.4,0.0,753.1,232.8,336.4,728.1,438.8,703.5,336.7,
1246.7,0.0,752.5,232.3,338.3,732.7,443.1,698.2,344.6,
1246.6,1.4,758.0,226.9,336.7,734.5,433.8,696.4,347.5,
1252.0,4.0,760.9,231.7,343.7,744.8,466.7,702.5,337.8,
1264.0,0.6,739.0,236.8,338.6,750.2,442.5,703.2,341.5,
1259.0,0.0,752.7,251.3,326.0,734.7,435.0,694.3,335.8,
1269.9,3.4,756.9,236.4,325.5,732.9,436.0,698.1,343.8,
1272.9,8.5,758.9,234.2,314.1,732.8,426.6,682.0,337.7,
1273.4,17.3,754.5,237.7,308.6,738.6,438.4,695.3,333.4,
1290.6,18.0,761.7,250.4,330.3,725.3,430.6,692.5,331.0,
1278.8,26.5,772.6,247.8,324.6,722.2,434.7,689.1,329.1,
1290.7,28.2,763.2,249.4,325.2,711.4,434.3,683.4,326.2,
1276.9,34.5,776.1,247.1,331.1,726.3,418.8,690.6,328.3,
1298.9,21.6,768.9,266.8,305.4,716.1,430.4,686.7,321.8,
1318.1,28.6,786.8,255.5,348.1,724.8,418.6,670.8,318.6,
1320.9,51.0,772.6,254.8,335.0,706.0,420.0,675.0,326.1,
1313.5,61.4,791.9,243.5,335.3,713.2,432.4,679.3,316.3,
1310.3,34.0,792.8,269.8,332.1,705.2,418.1,670.7,306.8,
1352.2,43.5,795.5,258.9,325.0,712.8,457.6,722.5,314.4,
1350.4,72.3,816.9,260.7,331.6,692.2,415.8,671.1,313.7,
1352.7,67.9,812.0,265.8,334.8,710.1,413.9,686.8,308.5,
1349.3,80.7,822.4,270.7,322.3,702.4,407.2,671.8,315.7,
1361.9,74.4,817.5,267.4,319.9,717.7,407.4,658.5,308.2,
1360.7,91.9,829.2,271.4,337.2,725.6,403.1,665.2,305.4,
1350.4,94.2,833.8,279.1,329.4,708.9,396.7,665.5,313.4,
1366.1,111.2,857.8,274.9,356.5,670.6,396.9,663.5,308.0,
1345.6,113.7,855.1,286.3,349.0,702.9,388.4,658.8,283.3,
1353.4,126.4,865.6,306.2,367.0,717.8,405.3,654.5,288.5,
1356.6,118.5,859.0,301.1,361.8,723.2,384.2,643.8,295.1,
1353.7,134.1,858.5,321.9,367.1,719.1,389.0,640.5,304.3,
1352.9,134.0,878.6,313.7,359.4,717.0,385.7,658.5,296.5,
1354.5,132.8,883.5,329.7,361.6,713.7,399.3,645.2,289.4,
1363.0,128.1,887.1,329.7,364.5,727.7,395.0,644.8,277.7,
1361.9,125.7,884.9,341.7,379.7,730.8,402.1,644.2,291.2,
1354.0,129.9,898.5,339.0,373.3,735.0,386.8,648.8,284.2,
1354.4,137.6,916.9,340.5,384.4,737.7,395.4,623.8,295.0,
1359.1,122.9,916.2,337.0,365.5,727.0,398.3,655.3,268.5,
1356.0,124.9,919.8,356.2,385.0,738.0,385.3,628.0,286.4,
1358.2,134.7,916.6,355.0,404.3,742.7,401.4,645.2,278.2,
1359.7,132.1,932.7,354.6,409.4,749.4,404.2,642.8,276.1,
1361.8,124.2,936.7,357.1,405.7,732.8,421.2,647.8,289.3,
1361.7,130.7,930.2,384.6,415.6,752.9,413.8,643.8,266.4,
1366.0,130.5,926.1,398.4,419.2,763.6,415.9,652.3,279.3,
1359.1,130.9,934.5,394.6,417.0,757.6,413.4,647.5,274.1,
1364.3,127.6,926.1,384.1,416.3,749.3,420.1,644.4,271.7,
1361.7,136.2,920.9,404.6,423.3,763.7,419.0,637.1,279.2,
1364.4,138.1,928.2,414.0,429.4,768.5,423.0,655.2,264.5,
1367.8,144.8,919.6,405.2,439.6,798.1,410.1,631.2,266.9,
1366.2,141.9,934.5,414.5,447.5,784.0,412.3,621.6,277.7,
1366.0,139.1,929.9,420.8,452.6,791.4,449.4,644.4,265.7,
1362.1,143.0,930.5,424.2,467.3,790.2,438.3,647.9,257.1,
1366.7,139.2,920.9,442.4,458.1,813.8,427.5,652.6,272.5,
1366.4,138.4,925.6,433.4,466.3,799.8,433.0,666.4,259.0,
1373.4,145.0,933.2,424.9,484.1,806.1,457.9,648.7,279.9,
1363.9,151.6,939.9,425.2,501.8,817.8,467.7,653.5,280.4,
1372.9,148.9,931.7,430.1,474.4,827.6,448.0,652.3,279.2,
1374.2,145.6,934.1,426.0,498.1,827.4,445.9,668.0,277.2,
1371.7,144.5,938.3,419.3,508.5,820.1,467.9,669.4,268.1,
1366.7,144.7,945.6,427.7,518.7,835.9,472.8,656.2,273.4,
1373.8,162.8,935.6,430.7,515.5,858.5,466.2,662.3,275.6,
1373.6,150.6,943.2,438.7,511.1,846.2,484.4,679.2,268.9,
1369.5,146.5,943.1,424.2,515.6,855.1,484.4,672.1,288.2,
1376.3,157.1,946.7,429.5,529.0,849.3,480.0,688.3,277.6,
1377.0,156.8,947.5,432.7,525.1,856.1,490.7,675.9,302.5,
1380.8,144.5,934.3,431.2,514.6,895.1,505.5,669.5,291.7,
1374.2,148.3,948.3,423.4,520.1,870.5,481.6,685.6,282.1,
1378.8,148.5,941.4,431.9,521.2,887.0,511.9,703.3,312.6,
1380.2,150.1,944.4,438.7,524.0,888.6,494.3,694.6,282.7,
1378.8,160.7,946.1,430.8,519.5,895.7,503.8,717.3,292.1,
1379.5,148.3,948.4,440.9,525.4,907.7,527.0,719.4,290.1,
1376.2,159.9,943.5,438.6,524.7,904.0,522.0,708.5,297.7,
1379.1,158.5,945.3,437.5,532.3,896.9,530.4,707.6,290.0,
1396.5,161.7,943.9,441.3,520.4,912.7,571.4,709.6,309.7,
1376.9,165.4,954.3,438.6,518.9,917.3,542.4,728.1,295.5,
1391.0,167.7,949.2,438.3,531.0,912.4,540.5,751.3,296.6,
1389.6,160.9,952.0,448.7,523.8,913.5,554.6,739.5,301.4,
1390.4,178.7,955.4,441.7,529.6,913.3,571.8,738.7,296.6,
1400.0,175.2,952.8,453.3,534.9,907.3,575.8,753.8,320.9,
1394.4,178.9,962.9,451.8,531.5,907.8,576.8,750.1,312.0,
1400.5,171.3,962.0,448.5,534.8,907.6,594.4,749.9,310.2,
1388.5,177.9,962.5,449.9,536.8,906.3,606.4,761.2,320.7,
1399.8,182.0,977.5,454.2,538.6,906.9,600.9,756.3,348.1,
1388.4,181.8,966.0,451.8,547.2,912.6,596.7,768.2,322.2,
1403.6,177.5,958.8,450.2,536.6,918.5,611.5,766.6,343.5,
1392.4,179.6,964.1,464.4,536.0,914.1,607.5,786.0,351.0,
1403.0,182.8,965.0,456.4,537.6,904.9,609.1,786.4,354.6,
1401.1,182.5,966.8,460.8,539.3,917.6,600.5,787.6,368.1,
1399.5,184.8,962.4,457.2,543.5,913.2,602.2,803.8,363.8,
1409.8,185.7,972.0,456.5,544.7,909.5,599.0,821.4,364.2,
1405.0,180.5,967.4,464.1,549.0,910.5,596.4,805.1,370.1,
1399.7,187.2,971.6,462.7,546.8,915.5,601.0,814.9,377.5,
1407.5,183.8,969.8,462.7,542.0,912.3,599.6,825.7,386.1,
1402.1,188.7,970.2,461.7,544.2,920.7,599.4,845.6,397.1,
1411.5,186.3,975.0,467.8,549.5,918.6,602.0,835.1,385.8,
1417.0,189.2,969.8,461.6,549.0,920.7,601.8,832.2,402.1,
1412.8,189.1,980.4,468.5,551.7,923.7,603.7,837.0,410.9,
1407.0,181.3,977.3,465.8,546.0,916.5,600.5,844.4,410.0,
1404.7,183.9,972.6,462.3,548.1,922.1,593.6,842.9,421.7,
1410.1,181.8,972.6,460.0,545.7,918.6,598.9,835.8,416.6,
1405.5,187.2,971.9,464.4,549.0,915.5,605.1,829.7,445.2,
1400.5,189.1,967.4,458.3,536.2,916.3,597.6,824.8,430.3,
1403.0,192.6,970.4,462.4,545.3,917.3,604.8,822.7,433.2,
1411.0,181.8,975.8,460.2,555.6,923.7,605.0,836.1,449.7,
1405.8,185.9,971.8,460.3,544.0,915.4,604.7,830.0,457.4,
1401.6,191.4,973.2,459.7,545.8,919.4,597.5,836.9,443.0,
1417.4,191.0,972.7,464.4,550.2,916.7,604.6,830.0,456.2,
1412.7,188.1,978.9,463.4,555.9,916.9,602.6,832.2,436.5,
1414.9,195.8,976.5,461.2,548.2,916.8,603.8,834.8,452.1,
1408.5,198.1,980.1,473.5,546.6,927.0,607.9,834.3,466.9,
1408.4,194.9,980.3,469.4,547.2,922.7,610.4,833.3,455.1,
1399.4,195.3,980.1,462.2,555.7,922.9,598.1,836.2,457.9,
1420.7,185.9,979.8,474.3,554.0,928.3,603.7,834.3,463.7,
1417.6,194.5,979.2,471.5,557.9,923.2,606.2,829.7,456.1,
1395.0,195.6,982.0,464.2,555.5,931.9,603.1,837.6,451.7,
1397.6,194.7,982.9,467.5,558.7,932.6,612.0,837.0,451.4,
1414.8,199.8,982.0,471.1,562.3,930.6,608.0,843.7,460.7,
1395.3,210.0,989.6,468.1,560.8,927.7,609.6,832.7,454.2,
1399.5,193.4,984.5,471.1,554.6,927.4,610.9,844.4,459.1,
1401.1,213.1,986.1,468.0,557.6,927.0,614.3,840.4,450.0,
1416.6,213.2,984.4,479.4,561.9,929.7,612.7,842.1,451.6,
1426.2,203.3,992.7,475.3,557.3,925.8,616.3,843.6,457.0,
1408.2,210.1,988.0,475.5,559.3,931.0,612.1,840.6,461.7,
1404.7,217.2,990.5,478.0,557.3,936.2,613.8,841.2,461.7,
1419.4,207.3,993.3,479.9,567.2,935.6,617.2,843.2,455.6,
1413.4,200.6,998.1,475.1,566.7,944.0,618.3,851.1,462.5,
1409.6,217.5,987.9,481.0,564.9,930.9,616.2,848.4,468.1,
1405.8,217.4,992.2,477.1,568.3,931.1,618.6,850.0,461.3,
1434.7,201.9,987.7,481.2,567.4,928.8,625.7,843.5,464.8,
1416.2,222.5,988.6,479.7,563.5,936.7,617.0,842.9,462.8,
1417.1,204.3,988.2,477.9,569.5,934.0,622.0,851.2,461.6,
1422.2,220.9,991.1,482.3,561.4,942.4,625.3,849.0,462.3,
1420.8,204.6,995.1,479.4,569.2,942.3,618.6,849.9,461.4,
1433.9,199.1,994.7,476.0,561.2,934.4,622.7,849.8,469.9,
1431.9,219.6,993.4,484.6,566.0,941.2,625.1,851.4,460.9,
1421.7,217.4,999.1,476.8,561.9,937.2,623.4,854.2,464.1,
1439.1,210.3,1001.9,484.3,565.8,936.8,623.2,849.1,467.5,
1432.3,222.7,1003.3,478.5,564.5,936.7,615.0,856.0,466.0,
1423.0,226.3,998.8,481.8,565.9,939.6,624.7,855.5,462.5,
1440.8,221.4,989.2,482.6,574.0,940.2,619.1,846.3,463.4,
1443.3,231.5,986.8,486.0,567.5,946.8,621.6,857.4,463.4,
1426.6,225.3,1007.5,485.9,563.7,941.8,623.9,860.8,464.5,
1440.5,217.9,997.3,485.0,566.3,944.5,623.7,853.5,466.8,
1446.6,226.8,1014.9,487.1,565.1,950.2,625.3,856.1,462.0,
1435.9,218.6,998.3,488.0,573.5,947.1,622.1,859.6,471.5,
1440.1,219.3,1005.8,488.3,573.6,944.7,627.5,852.6,471.6,
1428.8,223.4,1008.6,489.2,574.6,941.0,620.3,861.3,466.9,
1442.9,232.2,1008.6,489.1,573.4,938.2,627.3,852.0,477.2,
1442.9,224.8,988.8,492.6,579.1,943.9,631.5,861.2,469.1,
1424.9,217.5,993.4,498.0,573.4,947.8,622.6,856.7,472.7,
1423.5,219.0,1016.3,491.1,577.9,938.4,619.9,852.7,470.0,
1430.4,241.8,1011.0,498.4,574.0,937.1,630.1,848.3,464.7,
1435.1,220.6,1008.7,510.5,570.8,941.3,633.3,854.8,481.2,
1431.5,221.8,1011.3,504.2,583.1,947.8,627.3,858.4,468.8,
1434.9,209.5,1037.7,515.5,580.9,949.4,625.9,850.2,474.0,
1425.7,225.7,1010.1,511.1,590.7,956.3,627.3,856.7,470.6,
1427.4,240.3,1004.8,508.6,581.2,946.1,627.8,853.1,480.1,
1410.7,231.9,1009.8,501.7,574.1,947.5,624.9,857.6,477.3,
1435.8,228.0,1024.6,505.8,587.4,952.2,637.5,864.4,482.3,
1437.4,224.3,1016.6,489.5,581.2,955.5,637.7,867.0,482.3,
1417.4,232.6,1022.9,521.7,581.6,947.1,637.0,870.1,479.3,
1437.8,248.3,1027.8,518.7,574.6,949.4,625.9,859.2,481.4,
1418.6,225.3,1010.2,503.8,579.8,955.5,634.8,865.3,483.1,
1434.9,217.2,1027.4,526.0,583.1,951.7,638.6,859.0,471.8,
1447.8,240.5,1053.7,519.1,591.2,964.1,631.2,866.7,477.3,
1414.4,235.7,1006.7,496.3,581.1,946.0,637.7,860.1,479.9,
1425.9,239.0,1018.2,494.5,576.6,949.2,626.9,855.0,483.0,
1430.3,226.0,1019.9,486.1,592.1,953.4,633.4,867.7,475.9,
1432.6,233.3,1014.2,497.2,585.7,950.2,640.7,866.1,483.5,
1434.8,223.6,1023.7,497.8,581.5,952.5,637.6,859.1,483.3,
1436.4,232.7,1019.5,505.5,592.2,955.0,639.0,854.2,476.4,
1430.3,230.8,1016.9,502.0,589.2,954.9,634.7,864.6,481.2,
1431.6,216.9,1021.9,507.9,596.6,957.3,643.5,863.9,482.7,
1440.7,244.0,1034.4,480.1,598.0,954.2,639.9,859.9,489.5,
1417.2,238.6,1022.2,504.3,597.0,954.4,644.8,854.5,483.4,
1438.0,241.1,1012.0,516.6,593.3,951.1,642.3,866.0,481.5,
1432.3,221.3,1032.2,532.7,583.7,958.9,636.6,867.5,485.4,
1414.6,213.7,1032.7,478.6,578.2,952.6,652.9,865.9,484.2,
1411.8,228.8,1022.6,507.2,586.4,953.6,639.4,858.9,485.3,
1421.5,243.9,1007.1,510.9,603.1,958.0,631.8,874.6,479.4,
1420.4,240.8,1026.8,518.2,587.2,967.6,642.5,871.4,485.2,
1418.3,230.4,1026.1,512.6,585.5,963.6,641.4,868.2,479.3,
1415.2,238.1,1017.2,520.7,589.8,970.8,641.4,864.4,487.9,
1410.8,237.5,1013.0,531.3,590.6,967.0,640.0,871.3,491.5,
1415.4,242.7,1032.5,518.5,595.3,958.2,640.9,866.6,489.6,
1419.6,254.9,1032.3,524.1,598.7,957.6,638.2,871.2,487.5,
1422.4,239.8,1040.1,519.0,617.3,958.6,641.4,868.1,482.7,
1420.1,243.2,1039.1,523.8,599.4,960.9,643.6,868.9,486.8,
1401.6,257.2,1032.6,519.8,596.0,967.6,648.3,866.1,486.5,
1423.7,234.5,1026.8,527.2,600.8,958.2,640.0,868.1,488.7,
1431.9,247.1,1000.7,542.1,607.9,957.8,652.3,867.5,486.3,
1405.3,250.2,1024.9,547.6,598.0,960.4,647.1,879.9,480.7,
1407.4,234.0,1025.8,527.0,588.1,970.5,636.8,859.8,494.2,
1415.7,220.2,1047.2,513.6,615.7,964.8,641.6,872.6,494.9,
1407.1,221.4,1020.1,502.6,606.2,959.4,641.7,871.0,488.0,
1415.3,246.5,1035.2,521.7,595.2,970.7,632.8,872.6,490.4,
1414.0,239.5,1027.7,534.6,603.4,965.3,643.5,862.9,484.7,
1429.7,239.9,1077.7,508.5,597.7,973.0,656.6,866.7,485.9,
1417.3,214.5,1054.6,502.8,599.7,966.3,643.5,869.6,480.8,
1435.3,229.1,1026.2,510.1,601.5,962.9,642.1,870.5,485.2,
1418.8,232.0,1027.1,523.3,599.7,967.0,642.3,877.9,477.6,
1423.8,221.2,1039.7,538.4,603.4,969.8,641.4,870.7,490.8,
1420.3,222.6,1030.2,516.5,592.7,961.7,645.3,870.8,486.9,
1411.6,232.4,1021.4,517.5,611.7,964.3,643.7,862.7,486.2,
1402.2,231.1,1024.2,515.2,602.9,961.3,649.4,868.5,492.3,
1406.0,221.6,1029.0,511.2,587.9,960.3,651.5,873.9,496.5,
1399.8,228.3,1038.3,504.6,607.0,967.2,640.4,874.3,486.4,
1406.9,221.5,1028.6,525.3,585.7,961.0,638.2,870.7,485.8,
1426.8,237.2,1025.6,537.2,588.9,965.4,645.1,867.8,479.3,
1398.5,237.8,1032.8,510.1,600.3,972.1,641.2,877.7,488.2,
1421.7,231.9,1033.4,505.8,582.6,959.5,644.0,875.5,500.5,
1408.5,236.6,1035.3,498.5,594.6,967.0,646.7,869.3,493.4,
1403.9,223.0,1031.1,526.5,593.1,968.8,648.3,869.3,484.4,
1400.5,234.2,1031.0,514.9,588.0,966.7,639.2,881.0,497.4,
1412.1,230.6,1004.4,520.3,578.6,973.5,643.9,875.7,483.4,
1398.8,235.8,1032.9,507.6,602.6,972.2,640.5,875.3,490.7,
1401.4,217.6,1036.1,523.1,611.2,969.6,646.0,871.9,501.4,
1408.1,252.0,1012.5,542.6,602.7,967.1,645.3,877.6,479.0,
1404.5,257.3,1056.2,545.0,587.9,971.1,643.0,871.3,492.5,
1383.7,226.5,1029.4,523.6,606.0,975.0,646.4,869.0,489.1,
1411.2,232.1,1037.5,526.0,602.2,968.6,651.0,881.6,488.7,
1389.0,230.1,1036.8,510.6,605.5,983.4,646.4,873.8,488.5,
