490.9,61.3,478.8,289.4,477.6,874.5,549.3,810.9,441.9,
494.8,70.3,473.4,292.1,483.1,883.9,544.7,812.7,451.9,
497.0,71.2,467.0,293.4,482.7,881.8,551.9,806.7,445.4,
500.4,73.3,473.6,290.0,484.3,886.6,543.4,817.1,459.5,
503.5,76.5,479.2,290.1,490.6,885.3,551.9,814.2,471.0,
500.4,77.1,473.6,291.7,490.7,888.8,560.6,819.0,450.0,
502.0,74.6,474.5,297.3,495.5,885.3,561.0,816.9,459.9,
500.5,74.2,480.4,299.5,496.0,880.4,555.2,821.7,475.2,
494.7,75.1,474.9,297.6,495.4,875.7,563.8,818.4,467.2,
500.2,83.4,473.1,298.5,498.9,874.3,558.2,814.4,463.8,
499.5,76.6,479.5,300.2,491.2,878.9,572.2,822.4,462.2,
504.8,81.8,479.5,298.0,496.4,871.4,555.6,825.8,475.6,
493.7,78.0,480.9,299.2,496.2,864.3,558.4,824.9,472.7,
496.4,75.1,473.8,299.9,491.1,874.8,560.5,825.9,476.0,
506.1,84.4,476.7,302.2,496.6,868.8,560.5,836.6,469.8,
500.5,79.0,481.2,301.2,495.4,865.9,565.8,830.5,478.2,
498.6,74.5,480.4,302.8,495.6,867.9,559.0,827.3,485.3,
504.3,83.5,485.3,297.4,496.4,854.5,561.0,830.5,479.2,
504.2,81.5,486.3,291.3,494.2,872.3,552.3,828.9,472.0,
504.1,77.9,483.6,297.2,497.1,870.2,563.4,836.0,474.0,
509.4,84.9,482.8,299.5,492.3,872.8,570.2,835.9,487.1,
499.0,88.0,479.2,302.0,491.5,871.1,553.1,837.1,479.8,
501.3,81.8,483.0,301.6,496.0,883.2,569.1,829.0,469.4,
506.0,76.9,477.6,298.9,487.3,875.6,560.3,855.4,480.6,
499.4,84.9,480.2,299.0,480.6,873.2,563.9,857.7,471.5,
503.9,78.7,478.3,303.9,479.8,883.6,561.0,840.9,483.8,
504.2,82.6,474.5,296.8,470.2,897.5,554.4,843.7,455.6,
497.9,82.0,481.2,302.2,470.2,872.7,557.5,840.7,482.4,
501.2,76.7,480.6,304.9,467.3,876.5,556.7,844.6,476.5,
503.0,82.9,480.2,293.4,467.9,879.6,560.8,837.3,483.1,
499.6,86.6,487.4,304.4,462.8,873.7,556.6,858.7,487.8,
499.8,84.3,478.5,298.4,462.4,876.2,561.2,835.9,482.7,
501.0,87.6,482.3,296.5,463.5,872.9,568.7,837.4,477.5,
504.8,83.9,479.2,301.4,467.8,874.3,558.8,846.9,490.6,
503.3,81.6,484.0,304.2,455.5,870.0,562.3,847.6,474.7,
503.0,77.4,479.7,294.7,468.6,876.9,572.0,847.0,489.2,
508.0,83.6,481.8,295.5,468.6,862.9,567.1,839.1,489.8,
510.6,83.9,482.1,302.1,469.7,871.1,584.1,844.6,498.0,
506.9,78.5,474.6,297.4,474.8,871.3,557.2,844.2,499.7,
500.5,85.7,484.5,287.8,467.1,872.4,574.6,857.7,498.9,
503.4,85.2,479.6,285.3,471.0,861.4,576.1,850.1,501.0,
505.8,82.7,478.4,282.9,471.0,871.5,583.2,846.9,493.0,
505.6,83.4,480.1,280.1,482.0,868.9,571.1,852.3,487.4,
505.7,79.7,484.8,281.5,463.5,884.8,583.6,857.0,485.6,
508.3,84.1,479.0,277.3,474.0,868.2,573.1,855.6,485.4,
502.9,79.3,479.6,271.6,473.0,874.5,586.2,851.6,500.5,
512.2,82.1,473.4,278.0,476.4,875.5,568.8,849.4,491.1,
508.8,82.4,484.0,269.8,466.7,881.5,570.3,861.5,489.3,
500.5,90.0,476.9,268.0,475.0,872.3,574.1,859.3,491.1,
499.4,82.4,476.4,262.2,478.9,872.6,578.3,862.9,493.7,
504.5,87.6,478.2,266.1,467.9,879.8,572.6,861.9,493.0,
506.8,81.3,482.7,265.6,471.8,883.2,578.3,860.5,497.3,
502.3,82.6,478.7,258.2,468.9,878.8,593.9,863.5,503.9,
501.0,78.1,478.9,266.6,481.4,875.6,582.9,854.7,495.8,
500.7,85.4,471.1,265.6,464.5,895.6,583.9,857.1,500.3,
503.5,85.7,476.6,269.4,469.6,884.4,580.3,861.4,489.6,
503.0,83.4,473.7,267.5,471.8,886.2,578.8,887.9,489.7,
508.8,82.7,471.7,263.2,460.6,881.1,579.2,860.9,497.3,
504.2,85.3,465.7,270.7,465.2,880.5,585.5,858.7,502.0,
502.2,79.8,458.6,275.5,464.9,884.9,573.0,859.0,503.2,
498.2,84.5,464.6,276.0,459.0,890.7,584.0,861.7,493.9,
503.8,81.5,454.1,271.5,466.3,873.9,586.2,860.4,483.1,
506.3,84.3,466.7,266.5,466.8,883.6,581.8,858.3,500.7,
502.9,85.9,454.2,267.3,482.0,864.1,588.9,855.9,505.0,
505.5,85.3,454.3,267.1,464.7,882.9,580.7,856.9,513.2,
500.1,80.5,458.4,269.9,457.8,885.6,579.0,863.8,494.8,
505.8,81.7,459.6,263.9,475.9,882.5,582.8,852.8,499.2,
505.2,83.1,433.0,274.3,476.0,886.5,584.7,854.9,509.5,
501.7,84.2,439.1,276.7,476.1,897.8,583.4,860.5,503.5,
508.0,83.9,450.3,263.6,464.9,889.0,589.8,848.1,504.0,
507.0,80.9,453.8,271.5,475.5,881.5,603.7,878.3,500.2,
503.4,83.4,432.4,268.1,478.2,880.3,593.9,855.7,510.6,
505.2,83.4,446.3,269.3,461.6,898.4,595.9,864.1,516.0,
505.2,78.0,440.7,275.6,468.7,896.2,605.5,875.8,516.8,
501.1,73.7,446.0,277.5,488.2,876.7,593.3,860.4,513.9,
506.3,79.1,455.1,262.3,476.3,883.8,595.6,861.1,500.5,
506.2,75.6,452.3,262.6,474.1,888.7,602.8,860.6,524.7,
506.3,79.4,441.6,268.0,476.2,890.4,603.6,879.5,516.8,
502.5,72.8,455.4,267.0,483.1,893.9,594.4,854.9,509.4,
498.7,64.6,450.5,272.2,486.3,878.3,598.4,875.1,512.5,
506.0,74.7,442.9,260.7,481.9,890.1,595.0,871.1,515.5,
499.1,69.3,445.5,264.2,486.3,891.3,602.9,852.2,502.8,
499.7,70.0,450.2,261.4,481.2,888.8,601.6,874.3,518.6,
509.5,59.2,465.1,256.0,484.9,896.3,601.3,866.8,507.6,
503.4,59.0,454.0,259.6,481.9,889.4,591.2,862.5,509.1,
502.1,63.0,449.9,264.0,485.3,892.3,602.3,853.5,512.4,
498.9,65.2,453.7,264.0,485.1,878.5,600.9,865.2,508.7,
505.8,60.8,455.8,267.4,490.0,886.2,603.1,870.9,502.2,
507.6,54.5,454.7,266.6,480.9,895.5,606.4,867.1,514.5,
498.9,59.3,446.6,275.0,469.2,890.9,593.0,878.3,513.2,
500.7,54.9,462.6,254.9,471.0,883.2,597.1,859.2,512.2,
503.6,51.2,461.9,264.5,486.4,889.9,601.0,855.7,509.3,
502.5,49.5,452.3,279.0,474.1,893.6,605.3,870.5,497.7,
500.7,46.3,465.4,263.8,476.1,890.0,591.8,867.9,508.7,
501.7,49.5,456.5,268.9,480.7,897.8,595.4,866.4,512.7,
506.7,60.3,464.3,268.2,486.7,896.7,596.9,868.8,521.5,
509.5,47.4,455.5,265.3,475.2,900.7,591.3,858.0,508.3,
502.4,38.3,454.2,268.5,480.3,897.0,591.7,863.0,505.6,
503.6,43.5,442.8,262.1,477.3,900.5,597.2,875.4,509.5,
497.3,39.5,448.1,264.4,487.5,906.8,598.1,878.3,514.5,
499.1,45.0,446.8,273.2,472.1,904.5,605.5,871.4,521.7,
497.9,47.9,450.2,268.2,489.4,906.1,598.1,865.3,524.0,
503.4,41.5,447.2,283.4,478.7,902.8,598.4,873.3,515.6,
500.3,35.8,464.0,274.7,475.2,902.7,596.4,870.3,519.0,
499.4,44.0,439.6,277.5,484.2,893.6,610.6,871.0,518.7,
496.2,49.5,446.4,274.9,489.9,900.6,593.6,868.6,515.4,
494.6,49.9,448.4,275.2,481.8,903.7,594.4,870.2,518.1,
497.6,46.8,448.3,280.2,484.3,906.6,590.5,876.4,512.8,
486.3,46.3,458.0,265.4,477.9,899.9,608.6,874.7,511.5,
496.7,44.6,447.8,275.8,481.5,905.7,594.7,872.8,517.9,
498.1,46.7,434.5,288.6,482.0,902.0,611.1,872.3,512.2,
490.4,48.1,453.3,286.2,473.4,909.5,593.3,883.6,513.6,
485.7,49.2,446.7,285.9,489.9,908.5,595.3,883.6,508.0,
482.9,52.4,449.9,276.8,496.7,892.1,604.5,883.6,512.3,
494.7,58.8,452.6,279.8,495.5,911.2,599.4,874.7,513.2,
488.1,48.1,449.4,282.4,486.4,907.9,593.6,870.6,521.2,
484.7,46.4,445.2,276.5,491.0,896.1,615.5,879.0,507.1,
486.3,54.3,447.4,277.1,484.4,900.7,599.5,877.9,506.9,
491.0,56.3,453.7,278.2,493.4,898.4,610.7,878.6,526.1,
488.2,51.7,444.1,286.1,488.2,899.0,600.2,880.7,515.5,
491.4,55.6,444.3,276.6,480.0,899.9,597.6,871.9,525.6,
483.9,52.3,458.9,280.4,487.1,908.5,609.0,884.1,517.4,
491.1,53.8,449.7,277.4,488.2,900.2,604.2,869.6,516.6,
485.0,56.6,463.6,279.6,492.3,912.0,594.7,878.8,522.1,
493.3,64.7,435.6,294.2,482.2,897.9,582.9,866.3,514.4,
483.8,46.8,449.2,284.6,494.3,904.7,596.6,883.4,517.1,
489.0,51.0,459.6,281.2,495.2,909.0,596.9,876.2,511.2,
486.8,58.2,442.8,283.6,495.2,908.1,604.5,873.1,519.7,
489.7,51.3,455.2,283.0,489.1,911.0,603.2,881.7,521.1,
484.8,57.2,446.9,279.2,492.0,913.9,596.2,888.5,518.0,
480.1,48.5,448.4,273.2,498.0,910.8,604.5,883.4,510.0,
486.7,62.0,447.3,277.7,491.1,911.4,597.5,878.0,521.9,
482.7,61.9,451.4,281.0,486.4,910.5,609.3,881.1,516.2,
483.8,64.0,445.3,284.8,489.0,910.9,601.9,884.1,509.5,
481.4,59.0,444.4,282.1,492.5,904.6,598.8,883.1,515.0,
480.8,57.5,460.7,254.3,489.3,925.5,605.8,878.9,507.2,
479.6,60.1,452.8,271.9,496.3,903.4,607.2,876.1,519.8,
476.5,61.9,437.6,277.0,488.7,907.4,603.6,881.1,517.6,
479.8,56.8,453.0,275.8,493.0,907.3,586.5,881.7,515.5,
468.5,51.4,449.2,283.3,495.2,910.3,609.8,886.5,513.5,
483.8,61.9,440.7,288.7,491.2,908.6,599.5,873.8,508.0,
477.5,65.8,432.2,295.9,491.5,898.6,585.3,881.4,509.9,
471.4,58.6,446.4,283.6,496.9,871.4,602.5,889.2,520.1,
498.3,54.2,463.6,290.6,473.5,909.4,602.7,876.6,514.1,
483.3,63.8,455.2,281.3,483.0,902.0,619.1,892.6,511.1,
463.6,59.8,454.0,278.2,504.5,896.2,603.6,864.5,513.6,
492.7,48.6,448.4,290.1,494.5,905.7,596.8,876.7,518.9,
479.4,63.5,445.7,286.9,484.3,901.6,608.0,882.4,512.7,
488.2,54.9,455.6,268.3,485.1,913.6,605.3,876.9,515.4,
474.8,56.5,447.0,289.9,497.9,900.8,599.7,867.8,522.2,
480.7,62.9,445.8,292.9,492.6,917.6,595.0,869.3,516.5,
477.9,58.7,466.5,284.9,485.7,900.5,598.4,873.5,509.1,
484.7,54.8,445.4,280.5,489.6,910.7,606.5,862.5,508.0,
486.8,57.1,459.9,285.7,493.9,901.0,606.6,879.5,517.8,
480.7,54.3,443.3,280.2,494.3,905.9,605.6,876.1,516.9,
476.7,60.3,447.4,285.4,489.9,906.0,605.4,889.3,514.0,
481.6,64.2,453.7,285.7,490.3,904.9,602.8,878.9,515.7,
486.1,51.7,455.9,285.2,489.4,912.6,604.2,876.9,508.2,
480.8,57.3,443.8,285.3,503.6,922.3,610.1,892.5,520.5,
476.5,54.3,456.5,281.3,491.8,919.9,606.2,881.9,508.9,
468.9,55.8,451.6,288.4,487.2,913.2,605.4,886.2,515.0,
474.6,57.5,453.2,271.2,500.1,910.9,608.3,885.8,507.8,
477.4,56.0,450.3,276.3,495.5,911.1,603.3,892.1,520.1,
478.7,64.1,447.3,290.3,491.9,907.1,599.8,893.5,506.7,
482.5,55.4,453.3,284.5,476.5,911.5,608.8,882.6,517.2,
484.5,62.8,449.9,282.0,489.9,914.7,606.0,886.3,512.9,
477.4,53.7,445.9,286.7,490.5,913.9,607.1,879.4,515.3,
479.2,54.4,455.4,286.7,497.6,908.0,604.9,884.6,513.3,
477.0,60.6,451.8,281.9,486.0,911.1,605.5,882.8,514.3,
480.4,53.3,452.1,288.2,491.1,909.6,609.8,869.0,507.3,
484.9,56.0,447.6,287.3,483.8,914.5,603.5,876.7,509.3,
481.9,62.2,451.3,288.2,501.6,909.2,601.1,900.9,518.3,
488.8,54.8,444.2,287.2,484.2,903.7,592.2,883.8,516.4,
480.7,60.9,453.5,289.5,495.5,906.3,601.8,884.4,516.1,
486.7,55.5,442.3,281.2,492.0,909.0,609.9,875.5,511.2,
477.7,50.4,447.6,288.9,494.4,908.7,603.3,872.1,505.9,
479.8,64.3,448.3,290.4,485.6,915.8,607.2,882.7,506.4,
480.0,60.6,445.5,285.3,496.1,910.6,597.7,884.3,506.4,
481.6,52.7,458.7,287.9,499.0,917.1,607.9,873.2,513.5,
482.8,57.0,446.2,286.9,495.0,905.4,600.3,886.4,509.7,
479.4,65.7,452.0,285.8,488.7,919.5,605.8,878.5,511.2,
475.1,54.6,460.4,286.6,498.6,911.8,602.4,892.6,503.2,
465.3,55.2,453.8,285.3,496.8,905.0,601.5,880.9,507.4,
477.3,53.5,465.7,283.3,495.4,914.2,598.3,888.3,509.9,
469.9,69.2,448.5,283.1,510.1,912.5,602.0,878.9,507.6,
479.6,57.6,444.9,281.3,496.0,914.4,606.7,889.7,505.4,
480.0,48.6,454.1,278.7,510.5,926.3,595.7,880.1,505.4,
472.7,55.3,453.6,288.5,497.0,915.0,604.9,888.9,511.8,
479.8,53.5,443.4,285.2,493.4,904.0,608.9,879.6,507.7,
481.6,56.8,447.5,291.0,498.2,904.0,604.4,885.1,507.4,
471.0,58.4,449.9,286.3,495.6,902.1,609.8,892.9,512.0,
474.3,58.9,450.0,273.0,497.2,903.3,611.8,886.1,510.8,
480.3,57.9,444.7,288.6,493.8,902.6,608.8,887.1,507.4,
471.2,54.2,454.5,288.7,491.5,910.7,615.9,887.5,509.6,
464.6,50.4,450.7,292.8,497.6,902.3,603.1,886.1,505.3,
465.0,48.3,447.6,281.6,502.8,909.7,612.9,881.0,506.7,
477.8,61.3,450.5,291.8,503.3,914.6,611.7,880.0,517.6,
468.3,61.6,447.5,289.5,496.4,909.5,608.9,882.0,513.2,
473.9,51.1,454.3,273.4,489.0,908.2,594.2,892.8,509.7,
462.2,56.5,450.4,282.1,498.0,900.9,618.8,886.1,500.3,
469.7,48.6,458.2,280.1,494.2,897.7,604.2,875.5,513.9,
461.5,52.5,474.8,286.1,489.8,905.7,610.5,882.0,513.4,
458.8,56.7,453.9,288.8,482.3,909.3,618.0,883.5,512.3,
475.9,51.7,463.6,279.0,487.2,911.6,608.5,883.1,500.6,
464.4,49.3,461.7,279.7,493.5,911.0,613.9,882.3,509.8,
468.8,58.4,462.3,288.8,499.5,904.6,598.5,886.7,502.7,
464.5,65.7,463.3,285.6,491.2,905.6,612.2,888.7,505.2,
468.7,61.4,461.5,284.5,494.9,912.1,609.1,882.5,503.4,
472.3,56.8,456.7,283.3,496.2,903.2,602.6,884.6,505.0,
469.5,56.5,464.0,284.1,512.0,911.2,615.8,873.0,507.1,
469.4,66.7,449.9,284.4,494.3,916.2,609.5,887.1,509.9,
461.4,51.3,456.6,294.1,496.5,907.5,608.8,872.8,509.4,
472.3,49.8,463.3,289.3,494.4,905.9,603.6,884.4,509.0,
467.8,56.8,461.8,283.0,498.7,911.2,609.4,886.7,508.4,
473.3,49.5,469.9,274.2,507.2,907.8,609.8,875.7,509.3,
473.5,57.4,452.0,289.0,497.2,907.0,615.3,888.1,505.5,
462.6,56.8,461.8,282.1,508.1,908.4,620.8,883.1,503.2,
482.4,39.0,466.0,294.6,495.2,914.9,610.9,882.1,511.8,
471.2,63.1,469.9,289.2,495.9,903.2,599.0,892.0,507.2,
464.4,61.6,449.3,288.9,507.1,916.7,600.8,889.5,516.3,
469.4,50.3,461.1,292.5,497.2,918.6,607.6,885.8,506.2,
477.5,50.4,461.6,283.9,512.8,907.9,618.9,885.1,503.9,
480.8,54.2,466.9,290.6,501.1,911.5,608.4,882.8,504.3,
473.9,49.6,466.3,287.9,505.6,913.7,627.9,892.5,509.1,
457.9,51.7,466.8,292.6,503.8,910.2,606.5,890.2,503.3,
475.4,50.7,462.6,280.7,507.3,908.6,619.8,889.9,511.6,
474.9,48.4,461.3,303.5,499.5,917.7,609.4,894.2,504.3,
488.5,58.5,453.3,292.4,503.8,912.1,603.2,890.2,507.6,
470.6,52.8,449.2,274.5,502.6,909.7,610.3,882.0,506.7,
469.8,46.3,470.5,288.2,512.3,906.3,618.4,895.5,501.2,
468.1,54.5,485.7,306.5,504.6,904.3,600.3,885.7,503.7,
470.3,61.6,457.5,283.4,483.1,917.4,605.1,892.8,507.7,
476.0,45.4,475.5,297.4,510.7,915.3,626.8,880.1,509.7,
470.7,56.9,469.1,289.6,510.5,905.9,613.0,884.4,504.3,
477.3,61.5,467.1,277.0,507.2,913.8,604.2,886.9,502.9,
483.8,50.5,469.5,302.5,509.0,908.9,615.1,886.2,503.1,
485.9,54.6,466.3,294.2,505.7,915.1,607.9,889.3,506.3,
480.5,58.0,470.0,289.6,508.0,911.3,608.1,891.9,506.4,
465.9,61.5,473.2,297.2,513.1,917.4,620.1,885.6,504.1,
478.0,64.7,466.0,291.1,514.8,908.5,625.5,888.0,503.9,
478.9,60.6,473.7,303.4,526.8,911.9,608.7,888.8,508.1,
474.7,58.3,467.5,297.7,513.1,907.6,612.8,881.3,504.1,
479.2,62.2,461.7,286.5,505.4,913.9,620.7,888.7,498.6,
487.4,64.9,460.6,295.8,516.8,911.0,621.7,887.5,510.1,
478.2,58.7,457.7,294.9,517.4,906.8,613.5,891.0,504.1,
479.1,63.1,468.7,302.6,515.2,928.0,606.7,891.8,506.1,
481.3,53.3,463.9,280.3,511.9,917.6,611.8,887.6,505.4,
473.8,61.6,469.6,291.3,509.6,904.9,617.0,887.4,501.1,
472.4,62.0,462.3,297.2,526.8,911.2,624.4,887.2,499.1,
476.3,60.5,472.4,303.3,507.8,923.1,616.9,893.0,504.4,
476.3,52.4,457.9,299.2,517.0,918.0,616.0,880.0,505.1,
461.3,58.2,466.2,302.0,517.7,927.2,617.5,891.1,504.4,
483.9,65.3,467.3,296.7,507.9,910.5,615.3,888.8,501.3,
461.7,57.5,447.7,307.8,518.2,926.9,615.1,887.6,508.4,
477.1,55.2,455.9,301.5,513.5,918.3,612.0,885.9,506.2,
482.0,61.5,469.6,300.2,498.5,903.4,615.6,897.9,501.7,
472.1,53.3,470.0,309.7,514.6,912.6,625.0,887.5,502.5,
472.3,63.5,455.0,309.4,508.8,912.4,614.5,884.6,500.3,
472.2,65.5,460.1,305.8,506.4,916.7,605.1,891.2,505.2,
478.0,66.0,470.1,307.6,522.0,901.7,630.1,886.5,502.8,
474.9,55.2,466.1,302.6,509.2,913.9,616.8,889.0,504.1,
479.7,65.8,454.0,302.7,508.4,922.2,620.1,891.8,498.7,
475.8,64.1,467.6,301.7,496.5,925.3,610.6,881.1,509.3,
465.8,67.6,475.4,311.7,516.6,914.7,607.3,891.7,506.6,
482.0,65.7,485.5,306.8,534.7,924.6,618.8,892.1,507.6,
480.0,70.4,465.2,299.0,529.0,939.6,616.7,887.6,506.5,
479.6,72.8,455.9,307.2,513.4,913.1,622.7,889.3,506.1,
487.3,69.8,475.5,308.8,517.5,919.8,616.1,896.0,505.7,
475.0,65.2,470.2,306.5,519.4,919.1,620.5,890.4,504.2,
477.2,70.8,467.2,310.4,518.9,919.7,622.8,885.9,500.0,
491.6,80.1,456.1,314.7,514.1,923.9,614.4,888.3,506.9,
491.1,83.2,472.2,321.4,508.1,925.3,623.3,890.0,500.1,
485.4,62.2,473.5,307.7,524.5,922.8,617.3,894.6,504.3,
483.6,59.8,480.5,310.4,521.4,918.5,619.8,885.9,498.6,
477.1,70.5,469.2,304.1,513.2,923.6,626.6,890.5,504.1,
490.7,67.2,470.9,316.2,517.2,919.9,618.2,895.0,500.6,
482.1,60.9,471.8,302.2,512.8,929.0,621.2,894.2,501.5,
487.5,68.8,474.4,303.6,511.7,923.2,620.8,888.9,494.9,
486.9,66.2,477.4,296.2,513.9,904.5,618.2,884.6,507.6,
481.5,82.1,463.0,300.4,513.0,914.7,617.0,888.3,510.8,
482.0,75.5,454.1,304.9,508.6,927.3,620.4,888.6,501.2,
484.1,58.4,461.4,314.5,515.4,921.2,618.9,891.2,499.3,
487.4,64.5,476.7,302.2,518.2,931.5,616.4,892.2,507.0,
491.3,72.2,477.5,316.9,514.3,928.8,616.2,888.1,505.2,
487.9,73.0,473.1,306.7,513.9,926.0,617.0,883.5,496.6,
488.9,66.2,483.8,313.6,519.0,928.3,611.6,889.3,500.4,
488.7,60.9,484.6,311.0,521.3,921.7,618.3,883.7,501.3,
485.8,64.6,470.7,313.6,525.9,925.3,623.3,885.5,503.2,
488.5,69.2,481.9,320.3,512.3,923.3,616.8,891.0,501.4,
496.3,79.9,477.1,305.7,515.7,926.0,619.1,884.4,503.9,
497.2,73.0,486.9,301.0,514.7,923.9,619.1,886.0,498.9,
501.3,69.2,483.9,303.2,528.9,929.8,618.8,890.9,504.3,
500.0,73.8,484.4,301.2,521.3,922.0,624.2,880.5,499.9,
507.8,83.9,490.8,310.5,528.0,928.9,626.9,891.5,497.7,
508.0,74.6,491.9,316.8,540.7,929.0,617.6,892.9,501.2,
492.0,68.0,481.7,301.6,531.0,927.1,619.8,888.8,502.1,
497.2,67.5,482.7,306.2,545.0,923.4,616.3,897.9,497.3,
491.6,88.3,486.2,301.3,525.2,923.5,625.3,890.6,504.0,
497.1,71.0,491.4,308.6,516.3,922.5,620.5,892.0,497.9,
502.0,74.9,488.5,313.1,528.2,919.7,624.2,890.1,503.2,
501.3,78.9,506.7,306.2,527.8,920.1,622.4,890.7,500.4,
483.1,75.0,487.1,304.1,513.8,927.5,619.4,888.1,500.1,
492.1,66.4,490.8,300.2,521.9,926.4,622.2,892.1,505.2,
491.6,67.8,478.8,307.4,526.1,925.2,619.6,896.4,500.0,
492.6,70.0,491.0,310.2,528.5,927.0,621.8,889.4,501.9,
497.7,79.6,486.3,313.3,529.7,925.7,616.2,886.6,500.0,
488.4,87.4,477.7,308.9,525.6,924.8,620.8,890.1,502.1,
494.7,75.2,481.3,309.3,527.2,926.9,618.2,886.7,500.8,
490.7,79.0,485.0,305.8,530.2,920.8,623.4,890.5,499.1,
497.0,83.7,481.8,311.0,529.0,923.0,616.1,886.1,501.5,
498.2,89.0,478.7,316.0,525.3,930.3,626.0,885.6,498.9,
493.2,91.5,487.6,309.7,525.4,921.6,621.0,890.4,495.8,
500.3,84.5,486.8,301.7,526.1,923.6,622.7,889.9,505.0,
494.0,92.2,481.1,296.8,530.9,929.5,616.9,894.3,507.6,
501.9,86.8,484.1,307.2,524.9,926.3,617.3,887.3,497.9,
499.3,100.3,485.7,310.6,543.7,920.6,622.0,891.7,499.0,
494.6,101.4,491.5,311.3,538.4,925.6,618.8,886.1,500.7,
503.8,90.3,482.4,317.3,528.5,926.0,622.6,890.7,497.9,
506.6,94.0,483.0,311.9,527.9,919.4,624.3,889.7,500.3,
494.2,92.3,488.4,305.0,530.5,928.1,617.5,891.2,495.5,
504.1,89.4,487.6,309.3,532.6,924.7,621.5,883.5,508.1,
510.4,94.4,480.7,316.9,540.4,922.8,616.6,889.4,503.3,
509.2,87.4,483.9,317.1,522.4,925.9,619.1,882.0,501.6,
511.1,96.3,486.4,315.5,531.5,922.3,619.8,887.7,504.0,
509.1,85.0,492.3,307.9,534.0,924.6,620.1,888.3,499.9,
515.4,81.0,486.6,320.0,530.9,927.6,623.0,892.4,496.4,
501.9,95.4,482.4,321.5,533.3,924.6,624.9,888.1,503.1,
502.1,98.8,489.7,317.3,530.2,928.3,620.1,884.7,502.4,
497.9,84.1,493.4,317.7,529.1,930.1,620.9,886.1,506.1,
509.6,83.1,485.1,326.5,526.7,924.2,618.0,884.7,501.3,
529.2,86.3,479.4,325.7,529.5,927.6,620.7,888.6,498.1,
513.5,89.2,476.3,321.5,536.0,927.8,621.0,889.1,508.0,
525.3,94.6,488.1,315.1,534.9,927.3,617.4,893.2,504.0,
512.8,87.6,489.8,320.0,534.0,932.6,620.3,891.6,507.1,
540.0,88.2,490.3,315.3,535.0,923.7,628.0,886.0,496.6,
512.0,88.2,473.3,318.8,530.6,921.9,618.8,888.7,499.6,
507.8,90.4,482.2,319.2,536.4,932.8,618.2,886.4,501.8,
498.3,85.6,490.2,320.8,534.2,931.0,619.4,890.3,497.9,
528.9,85.8,487.7,322.5,530.4,922.2,618.9,891.4,501.8,
514.8,99.6,486.4,321.1,535.2,927.9,621.0,887.7,501.7,
520.0,86.5,497.5,322.7,539.3,921.6,621.9,886.6,505.2,
507.9,85.0,491.6,325.2,534.8,923.1,629.3,893.8,499.2,
505.6,93.8,499.8,320.6,531.7,924.8,622.2,881.2,500.5,
524.3,91.8,497.1,320.4,537.3,927.6,624.2,886.4,501.7,
514.6,84.7,488.9,321.8,523.4,932.0,622.7,890.5,494.8,
517.1,101.9,492.9,319.5,528.2,928.4,620.3,888.9,494.6,
523.3,98.0,491.0,316.2,536.4,929.1,623.3,889.9,505.1,
518.7,92.4,487.8,325.6,531.0,926.8,615.5,885.7,502.5,
510.0,102.1,487.5,321.9,533.2,925.5,618.9,883.9,499.9,
512.9,97.5,500.5,324.1,529.4,925.4,618.0,891.4,502.5,
519.8,95.5,501.0,328.0,534.9,926.5,619.7,887.5,496.2,
510.9,94.2,494.2,321.8,545.2,922.7,624.9,893.9,497.6,
513.4,91.7,494.8,323.4,534.8,923.6,624.7,889.6,499.8,
522.2,93.1,494.4,328.3,531.4,929.2,623.6,887.7,503.8,
524.1,92.1,495.3,326.5,530.0,933.4,616.7,892.7,504.1,
517.3,79.4,493.4,320.6,530.4,938.5,616.6,892.6,501.3,
522.5,93.5,490.9,320.3,533.6,925.7,620.8,892.4,497.5,
516.8,102.8,496.0,325.4,530.3,925.4,622.5,887.0,501.9,
512.9,99.9,505.3,327.1,532.2,932.9,627.5,893.1,498.1,
517.6,90.6,501.0,322.9,531.5,926.3,624.6,889.7,501.9,
524.8,90.1,493.6,323.0,535.6,926.2,623.3,882.6,503.7,
518.7,99.9,501.6,319.2,530.5,930.1,617.5,889.3,505.6,
521.4,103.6,494.4,323.9,530.4,931.1,623.3,886.7,501.2,
523.6,97.9,493.4,315.9,527.6,926.2,628.3,892.9,494.8,
514.2,99.9,498.1,321.9,534.3,922.9,623.8,889.6,497.9,
533.6,101.6,496.5,317.2,539.2,923.3,624.7,884.0,504.1,
519.3,101.3,498.9,321.5,534.2,919.6,620.7,885.1,502.4,
518.5,100.6,490.1,318.1,535.5,922.7,622.4,889.7,501.0,
528.7,102.1,497.8,317.3,536.8,919.7,625.2,885.3,502.8,
537.4,108.9,505.8,324.6,536.1,927.4,623.0,887.8,502.9,
513.3,104.6,504.3,327.7,538.9,933.5,623.1,883.8,498.7,
515.7,109.3,498.7,322.8,532.5,924.6,619.1,879.3,500.4,
527.9,102.6,503.0,323.8,538.1,928.5,620.9,886.6,501.8,
521.3,107.8,503.0,323.3,539.7,925.0,620.9,890.0,500.9,
528.0,102.9,497.0,319.9,536.3,921.5,624.5,890.2,501.5,
523.0,107.0,496.6,323.9,537.2,932.2,620.8,890.0,499.6,
537.9,96.1,502.2,322.6,536.5,929.1,617.1,886.3,500.3,
531.9,101.6,497.0,320.3,534.6,921.7,625.8,883.6,503.8,
532.1,103.6,493.8,316.7,537.5,925.4,623.7,881.0,495.6,
524.6,106.4,511.9,323.2,534.5,919.7,627.2,882.7,500.3,
522.4,98.4,500.3,321.3,539.4,925.2,620.3,881.1,505.2,
547.7,107.1,503.7,320.9,539.4,925.1,621.6,888.6,499.0,
541.8,98.8,493.6,325.3,537.0,929.0,623.0,881.9,510.2,
532.1,101.6,492.8,320.9,534.0,933.7,624.0,887.3,495.8,
534.1,108.3,496.4,327.0,540.6,928.7,623.5,890.1,498.6,
534.1,99.4,502.7,323.0,536.7,926.0,625.6,887.0,507.0,
534.3,98.4,502.2,322.6,540.7,926.9,622.1,892.3,501.5,
524.3,95.1,491.9,324.3,539.6,922.0,619.7,886.7,516.9,
532.9,103.6,498.6,320.3,534.2,924.8,623.7,885.9,510.8,
536.7,104.4,493.7,323.3,535.1,928.2,622.4,887.2,511.8,
533.4,109.4,497.0,322.3,532.1,929.5,619.4,883.6,516.5,
533.4,95.2,510.0,325.0,538.9,926.9,616.8,889.0,526.6,
532.6,107.5,499.4,327.8,536.8,929.4,617.7,883.2,531.9,
531.8,105.2,500.5,325.3,533.7,929.6,622.6,881.5,540.0,
535.1,103.3,500.7,323.4,537.2,929.0,623.4,887.1,527.9,
533.4,96.4,497.7,322.6,537.4,929.3,619.4,889.4,530.1,
539.5,109.2,503.5,317.4,540.6,928.1,618.4,887.1,538.7,
530.8,102.0,502.1,320.3,535.3,924.4,619.4,885.1,544.4,
536.1,100.9,497.7,323.5,544.7,927.7,622.3,882.6,536.0,
534.6,113.6,496.9,321.8,538.9,921.2,619.1,885.5,536.0,
534.5,103.2,496.2,321.1,535.6,926.8,609.2,884.9,540.5,
538.6,104.4,495.7,325.6,538.7,927.2,610.1,897.9,520.0,
528.8,97.3,492.5,317.4,537.8,918.7,618.3,890.1,530.7,
532.4,100.0,503.1,325.9,538.8,921.4,620.0,891.5,537.7,
532.9,101.4,499.9,321.8,543.5,920.7,615.9,897.3,522.7,
534.7,103.8,494.6,327.1,539.2,930.0,613.4,903.7,522.9,
533.3,107.2,496.5,321.0,534.8,925.0,611.8,905.6,525.0,
536.3,107.9,500.0,329.3,540.5,920.5,620.7,915.4,517.1,
540.7,99.8,501.5,330.0,533.9,927.5,615.0,913.3,526.9,
535.1,107.0,495.0,325.1,536.0,926.6,620.2,904.1,534.5,
540.2,99.8,499.2,325.2,538.2,926.1,614.6,912.0,518.3,
535.6,103.4,502.7,322.9,533.1,926.4,618.0,912.6,524.8,
535.3,105.3,498.8,325.8,531.5,926.6,620.1,916.4,526.6,
537.3,104.7,502.8,325.6,529.3,926.3,615.5,923.3,528.7,
526.7,103.6,493.3,325.5,531.6,929.7,616.5,918.7,523.7,
541.0,98.5,502.6,328.7,534.9,921.8,625.0,915.8,523.1,
531.2,106.1,500.6,322.0,538.6,920.8,620.4,906.6,524.1,
536.5,100.2,489.8,327.0,537.7,925.9,625.1,918.3,528.4,
538.5,103.0,500.8,329.7,531.9,925.3,623.5,909.3,536.3,
535.2,98.1,505.0,331.0,540.5,920.4,618.9,904.4,527.8,
531.1,103.8,504.5,318.9,536.5,919.4,635.0,908.1,535.3,
541.9,113.9,500.4,326.1,535.9,924.6,624.7,912.2,539.6,
529.9,110.7,501.3,327.4,533.9,920.3,636.9,913.7,525.0,
531.0,105.1,497.5,325.8,533.3,918.8,633.7,908.0,533.8,
530.2,112.8,507.4,322.0,535.5,919.4,648.1,906.1,528.6,
532.8,100.5,504.6,324.2,537.0,920.4,644.7,908.3,526.3,
536.1,99.0,499.0,326.6,527.1,920.9,652.5,902.5,530.0,
532.6,106.9,500.8,327.1,535.0,922.5,647.1,898.5,522.1,
536.0,100.8,506.5,323.6,530.8,925.4,652.6,909.4,518.8,
539.2,99.5,506.8,325.6,535.6,927.4,640.6,908.0,521.0,
542.0,107.6,501.0,321.8,537.6,921.9,645.2,914.2,514.5,
531.1,99.3,505.0,327.5,535.5,922.0,641.9,916.0,516.5,
534.5,108.5,502.6,325.4,534.0,922.1,641.2,902.1,508.3,
535.7,106.8,500.9,321.2,534.5,925.4,642.7,911.4,515.4,
537.4,111.9,498.5,320.3,536.3,934.5,642.8,911.7,518.1,
533.2,102.4,500.5,321.0,527.1,944.5,646.5,913.3,524.0,
537.7,110.8,498.2,320.0,536.0,939.4,641.9,916.1,504.8,
536.8,105.2,495.8,326.0,534.4,938.6,649.3,916.3,503.3,
531.5,104.9,500.2,319.4,534.7,947.4,660.0,918.5,508.2,
537.5,112.9,501.2,326.7,540.3,946.7,639.5,911.4,509.5,
538.4,110.7,503.8,329.9,532.2,952.3,631.5,914.3,501.9,
537.6,102.8,499.7,321.6,532.0,959.9,636.7,916.4,505.2,
531.9,105.3,505.3,324.1,537.5,953.1,641.2,900.2,515.3,
536.2,103.9,497.8,323.2,535.3,942.7,642.8,901.1,520.6,
529.1,103.1,497.7,319.5,532.9,956.2,633.3,899.4,515.0,
530.9,103.9,499.9,320.0,537.8,954.9,642.4,909.8,510.1,
538.9,106.2,493.6,318.3,538.9,961.9,650.1,903.2,502.6,
528.9,98.5,496.8,316.3,536.9,951.5,646.7,901.4,507.7,
527.1,110.0,496.9,321.8,541.7,955.1,652.5,895.8,514.1,
528.2,110.2,497.9,318.8,541.4,944.3,649.6,898.9,501.9,
530.8,108.4,495.9,321.8,547.8,956.6,652.9,897.0,510.1,
532.6,100.3,499.5,321.6,546.7,944.1,644.8,884.2,514.5,
532.4,103.0,497.1,322.6,557.3,947.8,647.2,891.8,514.8,
538.8,96.9,500.4,322.9,555.3,955.7,642.4,893.3,496.3,
533.9,109.5,496.4,318.7,559.0,947.5,642.7,885.3,512.4,
536.1,99.4,500.4,319.2,556.2,941.4,648.1,896.5,506.6,
533.3,103.0,499.0,315.7,568.2,948.0,639.1,887.6,491.7,
536.3,100.2,496.8,321.5,561.8,946.1,644.7,889.7,495.7,
535.9,100.6,490.9,320.1,566.3,940.4,637.4,901.0,495.9,
539.1,102.3,506.2,320.6,571.6,947.5,636.6,901.5,495.7,
532.2,102.1,503.8,314.3,573.5,940.0,636.6,908.1,491.7,
532.6,104.7,501.6,318.1,565.8,960.3,640.5,894.8,505.8,
531.8,104.2,500.7,323.4,567.4,953.1,627.5,901.5,501.4,
541.2,101.3,502.9,329.6,567.7,953.8,636.8,890.8,494.4,
540.0,107.0,492.5,321.2,565.2,962.5,651.1,897.7,503.4,
536.1,104.0,503.0,335.0,556.7,962.6,637.7,898.6,485.1,
533.8,102.9,494.9,335.8,555.4,953.0,636.4,901.1,493.6,
525.4,110.3,505.1,334.3,565.4,944.5,618.7,886.3,489.6,
532.8,107.4,496.2,344.0,561.3,949.0,620.8,893.0,487.1,
529.0,99.0,497.5,338.4,561.5,957.7,635.9,897.6,473.1,
534.5,100.7,494.9,345.5,564.6,960.7,624.1,895.6,485.3,
528.2,107.7,497.7,349.3,560.9,948.8,630.8,897.1,481.5,
530.7,104.4,501.4,351.8,571.9,932.4,628.8,889.8,487.8,
535.0,102.3,491.0,345.4,558.7,946.9,631.8,895.9,487.4,
532.8,98.0,492.2,342.1,553.6,944.2,633.1,885.5,499.2,
528.1,101.5,496.2,360.9,552.1,950.2,630.1,891.4,489.0,
527.1,103.7,497.9,358.6,557.4,953.4,638.7,877.7,484.1,
538.4,103.8,501.7,354.2,564.2,947.3,626.5,880.2,473.7,
530.9,99.4,499.6,358.4,563.7,950.0,632.6,874.6,481.1,
526.8,103.4,499.3,343.8,569.0,933.1,632.7,891.4,481.4,
534.2,101.1,512.8,346.8,567.8,949.3,628.0,872.6,482.0,
531.7,93.5,509.6,343.3,563.5,935.6,628.4,874.1,482.6,
532.1,107.1,504.3,350.8,563.4,933.6,633.9,875.8,489.7,
534.0,106.2,520.4,346.8,561.1,940.2,629.4,869.7,492.5,
526.1,99.2,524.5,342.2,554.9,933.6,623.8,879.4,479.0,
531.9,97.7,519.4,339.0,565.5,927.9,627.5,876.4,483.8,
533.4,105.9,526.0,342.5,558.6,931.3,627.0,880.6,489.1,
530.5,102.9,525.4,345.1,547.6,929.4,615.2,864.0,497.8,
523.6,96.8,541.4,337.9,561.6,942.7,620.0,868.1,477.9,
536.0,100.4,534.9,340.7,557.4,924.4,616.8,896.8,486.9,
530.7,103.8,529.0,337.8,565.3,932.1,602.4,867.1,479.7,
529.8,106.1,512.8,349.9,545.8,926.4,627.5,871.6,480.5,
529.0,109.9,529.8,355.6,545.6,936.6,612.6,877.7,472.2,
527.1,105.8,532.3,347.6,557.5,936.1,602.9,872.1,480.2,
529.1,107.2,519.6,352.0,557.4,926.5,611.5,868.9,481.7,
531.1,110.0,530.3,349.0,544.5,932.9,595.4,862.2,497.0,
535.2,113.7,523.7,348.2,547.0,940.1,610.4,869.1,485.1,
534.3,126.9,524.7,335.3,553.2,930.7,599.2,870.7,486.2,
522.9,104.9,529.9,343.3,555.0,934.9,607.1,874.4,477.8,
519.7,136.2,521.0,350.3,546.3,932.9,596.5,866.9,483.3,
