556.8,73.4,1112.8,229.6,483.9,891.8,357.9,847.2,391.3,
558.1,61.0,1108.4,224.5,482.4,883.0,357.6,840.3,392.5,
558.5,75.5,1114.1,241.4,482.8,890.1,358.0,844.7,393.8,
553.5,66.2,1110.2,226.9,489.6,885.7,355.6,846.5,388.2,
560.6,61.5,1103.8,221.1,482.8,884.0,349.9,847.0,394.6,
553.1,64.3,1095.9,226.7,479.9,887.4,354.9,842.9,388.9,
555.9,66.0,1111.6,219.6,489.8,886.9,358.1,846.3,396.5,
558.5,60.1,1104.5,234.1,487.9,891.2,360.2,842.9,389.1,
558.3,75.3,1101.0,233.5,483.8,888.2,359.5,837.7,390.0,
538.4,61.1,1110.2,200.8,487.5,890.9,352.5,843.2,392.4,
543.7,50.9,1090.1,228.8,483.5,882.5,354.4,838.5,393.3,
546.0,65.3,1075.9,224.8,483.6,887.8,356.9,838.8,394.3,
550.1,66.0,1090.3,218.4,485.1,877.1,353.2,845.2,393.1,
547.9,64.1,1075.4,234.6,476.3,881.3,355.7,848.7,393.8,
540.0,64.1,1085.4,222.6,477.4,882.3,357.1,841.9,397.9,
535.6,67.6,1097.8,216.1,489.4,869.4,346.7,840.9,394.1,
534.8,62.2,1089.7,229.4,475.2,878.1,356.6,845.3,393.9,
544.0,67.4,1086.0,227.2,480.6,872.9,352.8,845.8,394.0,
528.7,60.5,1086.7,211.1,471.8,884.8,354.9,843.9,396.7,
543.3,47.8,1087.1,215.8,474.3,888.6,351.6,843.1,393.4,
547.0,51.1,1091.1,216.2,477.3,878.1,352.7,853.1,392.0,
549.1,48.5,1092.4,220.3,482.2,888.9,351.0,847.8,393.1,
536.6,48.9,1086.0,220.7,477.2,874.8,346.7,848.0,392.2,
536.1,42.8,1098.1,217.6,476.4,883.0,349.4,848.6,386.0,
537.8,41.6,1090.3,215.4,482.4,891.8,346.6,843.2,402.1,
543.7,55.6,1094.2,207.1,478.8,878.1,353.4,842.0,399.7,
543.5,49.9,1090.8,206.1,477.9,895.0,356.9,842.0,393.1,
537.4,41.4,1094.3,207.6,476.0,886.3,348.2,857.7,391.9,
531.8,43.1,1091.5,205.5,483.5,880.8,347.1,848.3,390.2,
523.4,43.8,1079.1,206.2,478.4,872.7,352.5,839.4,384.3,
531.3,53.2,1075.6,211.5,479.8,885.8,340.9,856.6,390.6,
535.1,57.7,1065.9,205.3,471.5,881.5,350.2,836.3,388.1,
523.9,49.6,1079.3,209.6,472.5,880.5,350.3,847.8,390.0,
531.2,41.8,1087.6,201.3,476.9,894.4,347.1,851.9,394.2,
528.8,41.9,1057.0,202.3,460.2,899.3,360.8,840.4,396.3,
539.4,51.2,1070.7,202.3,465.2,878.7,340.8,847.2,396.0,
515.1,46.0,1069.1,196.4,462.0,878.6,342.5,849.0,390.2,
524.3,47.9,1066.7,205.4,455.1,880.8,352.2,836.0,388.6,
535.6,51.0,1067.1,208.2,466.6,876.2,347.4,844.9,394.6,
540.2,48.5,1070.1,205.6,457.9,878.0,345.2,842.5,395.0,
538.6,48.7,1065.1,205.3,448.9,875.3,341.6,844.6,396.0,
551.1,51.8,1074.3,199.8,466.2,882.7,341.8,838.1,379.7,
546.9,40.9,1072.8,188.9,463.1,870.3,337.0,829.7,390.0,
545.1,44.3,1067.5,197.4,453.2,886.7,349.1,852.2,382.5,
555.6,41.3,1087.6,216.5,451.9,887.7,325.2,845.1,384.2,
557.6,37.3,1067.5,185.2,467.6,876.2,336.2,826.6,386.1,
559.7,42.6,1086.3,185.9,456.0,867.1,346.6,835.7,387.3,
564.0,42.2,1072.2,192.6,461.3,862.2,345.9,839.4,388.9,
563.0,54.8,1078.7,178.9,460.1,867.4,336.6,833.1,385.1,
568.4,40.1,1081.8,181.0,458.3,850.1,348.5,840.7,381.8,
565.7,48.0,1081.3,186.1,463.2,857.2,344.2,842.9,374.1,
569.6,49.9,1082.6,177.3,471.9,860.4,338.4,841.4,392.8,
569.4,52.0,1076.7,185.4,450.9,855.3,335.0,829.5,385.1,
572.6,55.4,1070.0,195.2,471.5,856.2,341.4,832.4,382.2,
564.9,55.0,1075.5,182.7,460.6,864.8,340.2,829.3,384.7,
568.5,56.2,1069.5,187.5,449.6,855.1,327.8,844.0,379.3,
566.4,67.4,1069.5,180.8,457.0,855.0,334.4,835.2,386.2,
565.3,69.0,1068.4,191.1,453.0,863.7,337.3,832.6,384.0,
565.1,74.1,1060.9,189.9,441.7,858.9,330.4,837.0,371.5,
567.0,75.9,1065.3,188.5,450.8,849.3,335.6,829.3,385.7,
565.5,79.1,1064.3,196.7,442.3,866.4,335.5,835.9,391.4,
563.2,75.7,1062.4,183.6,439.2,870.0,331.7,833.4,384.2,
574.4,78.7,1073.1,194.6,445.1,854.3,330.7,838.2,380.5,
565.7,81.5,1071.6,192.5,449.0,864.9,328.2,835.5,370.7,
571.9,72.8,1063.7,194.0,439.0,861.9,335.7,827.1,378.5,
569.6,74.9,1068.0,195.8,443.0,868.6,329.9,831.9,367.7,
566.6,80.6,1077.0,190.0,431.6,864.1,326.8,840.6,398.0,
562.1,72.9,1077.6,188.9,439.8,859.3,335.8,826.2,373.0,
564.8,81.7,1074.1,189.2,440.1,862.7,330.1,829.5,382.1,
564.4,80.0,1080.0,191.4,439.9,867.2,316.7,831.2,390.3,
565.8,70.8,1080.3,184.0,434.6,860.1,322.0,823.4,402.6,
564.4,84.3,1090.7,178.2,443.8,845.1,332.7,833.0,378.4,
564.3,84.7,1093.3,177.5,441.7,858.7,323.6,830.7,396.9,
565.2,73.7,1097.5,183.8,442.8,854.9,319.0,816.4,399.5,
566.5,76.7,1094.5,177.3,452.7,851.4,322.7,815.0,383.8,
566.1,75.2,1100.2,173.5,444.5,846.1,323.3,833.3,385.3,
571.0,86.6,1099.0,179.5,449.4,840.6,325.2,820.8,383.0,
567.5,79.5,1095.7,180.2,451.5,839.2,324.2,831.5,363.5,
571.5,86.1,1100.8,182.3,445.8,842.4,313.0,822.9,386.2,
564.2,80.7,1098.2,180.8,453.2,838.2,321.2,812.5,374.1,
563.4,80.3,1102.4,183.7,450.7,843.1,322.9,822.0,376.5,
570.3,77.3,1097.6,184.7,439.3,843.4,319.5,820.1,378.8,
568.7,75.7,1098.2,193.7,443.5,840.8,321.5,818.7,380.4,
566.0,79.4,1099.7,191.3,451.9,838.6,316.4,824.6,377.3,
566.6,83.3,1098.5,190.4,457.3,833.8,325.8,816.6,374.5,
566.1,81.8,1103.4,194.7,442.7,837.4,330.8,810.6,376.5,
564.8,84.4,1095.1,201.5,444.8,839.7,319.5,815.4,371.3,
572.7,82.5,1100.6,199.8,434.4,843.5,313.0,818.8,373.1,
566.7,76.7,1104.0,205.9,435.1,845.8,318.5,827.0,373.9,
565.6,73.3,1099.6,210.8,439.0,853.7,318.4,821.9,370.9,
572.7,76.3,1100.2,209.5,438.8,846.4,318.5,812.2,374.0,
569.3,79.9,1099.6,210.0,435.1,847.1,311.0,814.6,371.9,
563.8,73.5,1100.7,217.1,433.3,854.2,310.9,823.6,366.2,
570.0,84.2,1105.1,215.6,443.3,841.2,306.8,807.3,370.2,
564.8,78.0,1103.6,218.1,429.0,850.0,323.8,805.6,362.4,
567.3,79.6,1101.9,222.4,433.6,844.2,310.3,818.8,355.8,
568.4,85.4,1102.0,216.6,449.1,855.8,314.7,814.6,368.8,
565.7,78.5,1102.3,222.8,438.4,850.6,308.6,827.0,361.0,
569.2,81.4,1100.2,220.2,445.2,853.1,308.2,814.8,368.4,
565.7,79.1,1098.3,211.9,435.5,846.8,302.2,806.6,372.1,
557.8,77.7,1104.5,218.0,436.4,849.9,298.2,824.4,360.4,
567.1,76.3,1100.1,215.9,440.3,844.3,302.4,818.2,349.0,
556.5,78.4,1101.1,216.7,447.8,843.7,306.4,817.8,366.0,
566.0,78.8,1099.0,221.4,444.7,847.4,299.3,814.4,356.2,
565.4,79.1,1103.9,220.6,448.5,850.0,292.0,822.0,358.8,
564.8,76.0,1103.2,215.5,451.3,847.7,311.8,824.9,356.3,
568.9,81.3,1100.4,215.0,463.8,847.5,312.3,801.5,353.7,
568.2,79.5,1094.8,221.0,449.6,841.8,303.3,816.6,354.4,
564.1,78.4,1101.4,214.7,461.8,843.9,298.4,818.0,364.5,
563.2,78.9,1101.4,220.9,461.1,842.9,299.3,807.7,362.3,
567.3,83.1,1098.8,218.7,460.1,837.3,301.5,821.2,355.8,
560.9,79.1,1103.3,213.5,458.7,841.0,302.8,804.7,355.0,
568.0,80.6,1101.1,218.5,466.6,842.4,309.0,799.3,355.7,
562.8,83.5,1098.2,216.3,464.0,836.4,307.0,806.5,356.3,
565.0,77.5,1102.3,220.2,464.4,841.5,314.5,802.7,355.6,
569.0,75.8,1102.0,216.9,467.0,842.8,316.2,795.7,369.3,
569.9,70.1,1108.5,212.4,467.8,840.9,319.7,796.0,371.0,
565.8,76.3,1100.3,225.1,472.2,841.0,305.7,800.9,359.7,
567.7,76.8,1101.2,220.3,468.7,831.1,304.7,797.0,352.2,
565.3,75.7,1095.5,216.3,470.0,843.6,306.4,792.8,346.2,
559.2,74.2,1103.7,210.7,475.5,845.1,301.1,801.1,366.7,
561.9,77.5,1099.4,212.9,470.3,836.6,309.2,801.2,368.1,
569.7,75.5,1095.7,219.3,472.3,838.5,302.9,801.4,358.1,
568.1,85.1,1101.3,219.6,469.3,846.7,309.0,799.9,361.1,
571.4,74.6,1105.6,216.6,472.2,843.5,308.3,805.7,360.9,
564.0,78.4,1104.6,219.0,475.3,853.3,298.5,799.7,356.7,
562.4,82.8,1106.0,224.9,473.9,854.1,299.3,795.2,360.4,
565.9,80.6,1099.5,218.8,469.5,862.2,307.4,793.5,356.0,
569.2,77.0,1098.3,217.1,471.7,856.4,313.1,794.8,359.6,
568.6,79.5,1105.5,217.7,474.1,863.2,301.9,806.1,360.1,
566.5,88.8,1102.7,220.7,472.2,867.3,307.3,795.0,356.3,
567.7,84.9,1098.1,224.5,475.2,867.0,302.7,805.1,357.2,
563.2,78.2,1101.1,218.7,466.2,869.1,305.5,794.3,349.0,
569.7,85.5,1100.1,222.8,466.6,868.4,295.7,804.6,340.1,
563.9,84.1,1100.1,221.9,467.3,864.1,299.7,805.1,344.9,
568.6,84.6,1106.0,214.5,469.1,868.1,313.8,806.3,347.7,
569.5,83.7,1095.8,219.3,465.0,866.0,303.2,802.7,354.2,
571.9,79.7,1104.9,222.0,475.7,876.2,291.4,811.5,349.9,
567.1,87.3,1106.5,223.7,470.8,878.7,299.8,812.4,352.7,
568.3,88.8,1108.9,215.5,469.7,877.4,296.9,806.4,345.1,
571.7,76.5,1097.2,220.8,471.8,876.0,300.2,803.9,348.4,
571.5,81.2,1098.9,219.6,472.8,868.6,290.4,805.1,340.7,
565.4,85.5,1107.1,221.5,467.6,876.3,301.0,802.9,344.0,
561.8,79.9,1096.7,221.1,474.4,877.0,298.3,810.6,336.5,
566.5,86.0,1095.3,225.9,480.4,875.3,307.6,801.0,338.4,
567.0,82.3,1103.7,218.4,471.3,870.3,309.3,807.2,345.0,
567.0,78.0,1101.5,216.7,468.9,873.4,308.1,811.0,331.2,
564.6,81.8,1100.9,222.0,470.5,877.7,322.6,794.3,334.4,
565.0,81.7,1107.5,221.8,470.2,877.2,303.6,791.4,331.5,
563.2,79.2,1097.2,221.2,472.8,876.0,323.8,800.8,332.7,
566.9,75.7,1100.9,215.8,478.1,883.9,315.6,796.0,335.5,
565.7,74.4,1102.1,217.6,472.1,878.5,311.0,796.0,346.2,
569.7,83.4,1103.0,220.1,471.1,879.2,316.3,803.5,335.1,
567.0,73.5,1106.3,218.0,468.1,879.5,321.4,794.2,343.3,
569.0,77.5,1105.0,219.9,475.3,877.7,327.7,785.1,344.9,
561.3,82.5,1106.0,220.7,473.9,881.3,326.1,791.3,349.1,
566.5,87.3,1102.3,217.6,465.1,878.9,328.4,797.1,343.1,
561.5,79.9,1101.9,214.9,473.6,880.0,331.9,792.8,344.3,
563.8,72.8,1104.1,219.3,470.5,881.3,332.0,793.9,348.9,
564.8,84.8,1099.7,219.0,476.0,883.0,335.4,783.0,357.7,
564.6,86.4,1102.5,219.8,466.8,881.9,336.2,805.3,344.5,
570.0,82.3,1108.5,213.5,466.8,881.0,338.8,809.4,345.1,
562.6,82.9,1102.3,214.8,474.7,885.5,338.3,791.7,349.8,
566.3,78.3,1097.1,217.2,468.7,886.1,330.8,788.0,350.0,
567.6,85.0,1102.2,214.1,469.1,884.3,336.0,796.4,341.2,
569.9,78.2,1106.9,213.3,470.5,877.8,337.4,789.5,341.4,
566.0,72.9,1099.5,216.6,472.0,879.9,333.4,794.4,349.0,
567.3,81.8,1104.6,215.8,474.2,872.6,337.5,796.3,339.9,
566.2,80.6,1104.0,219.8,469.7,877.4,334.5,796.4,349.8,
567.5,80.4,1100.0,223.2,471.1,877.6,338.8,802.8,338.5,
564.0,77.4,1103.5,221.0,472.1,879.3,334.6,798.9,338.8,
564.3,70.5,1101.3,219.3,470.6,875.8,338.0,806.6,353.6,
567.6,77.5,1100.1,221.7,469.7,877.0,336.8,806.2,344.6,
559.8,75.7,1100.8,225.6,470.6,882.2,338.2,802.8,343.2,
560.4,80.4,1100.4,220.3,470.7,874.1,340.1,808.1,334.8,
567.2,75.6,1101.4,220.3,475.4,881.5,335.7,816.6,331.3,
561.9,83.3,1101.3,223.1,471.8,881.3,333.3,819.0,345.2,
559.3,75.2,1098.9,223.1,469.0,881.2,340.2,817.3,343.5,
562.8,75.1,1100.0,219.8,469.9,884.0,340.1,821.9,336.0,
563.6,78.0,1105.0,221.3,469.8,881.5,333.9,815.4,324.5,
562.0,76.2,1101.6,218.0,473.9,873.0,336.6,832.9,328.4,
560.8,77.0,1100.8,222.5,474.3,877.8,339.6,831.5,339.9,
566.0,81.8,1095.6,218.7,470.6,882.6,339.4,831.7,332.8,
560.6,71.9,1103.6,218.0,471.4,884.6,338.6,829.9,333.7,
566.9,73.0,1108.7,229.1,471.0,884.1,339.2,833.6,333.9,
565.0,76.3,1105.1,217.1,471.2,880.2,339.6,832.6,336.1,
559.6,84.5,1106.0,232.7,469.2,879.6,340.1,830.8,326.0,
560.3,76.9,1099.0,224.4,473.7,879.4,335.1,839.4,329.8,
564.2,76.1,1105.1,220.4,471.1,880.8,341.0,831.4,330.3,
565.6,76.3,1105.2,225.1,476.0,884.3,337.3,836.8,334.1,
557.3,81.9,1100.1,220.7,468.0,879.9,337.1,828.9,340.3,
557.6,79.8,1098.1,219.9,474.1,884.2,338.4,840.2,336.6,
563.6,76.7,1106.9,222.3,477.7,880.3,337.5,840.0,341.2,
562.0,85.1,1101.2,218.2,477.3,878.8,339.0,837.8,337.3,
559.9,75.9,1101.4,218.9,467.5,887.1,336.9,838.9,342.1,
558.1,78.5,1100.8,221.6,468.9,884.5,336.1,835.8,350.4,
561.4,72.5,1101.8,219.1,472.3,877.4,341.5,834.2,351.9,
563.3,71.7,1099.1,213.9,470.9,878.9,337.2,837.8,347.9,
560.2,73.3,1099.4,214.6,471.3,877.5,338.9,837.1,356.6,
558.4,73.4,1104.2,222.1,474.4,880.7,335.5,834.6,361.9,
555.7,71.6,1104.2,224.9,470.8,882.2,336.7,837.1,353.3,
561.1,73.0,1103.2,217.9,476.2,881.9,337.2,842.7,365.9,
553.3,74.2,1104.9,219.0,474.8,883.5,333.0,832.8,365.1,
556.5,77.2,1100.0,215.3,475.2,882.1,341.1,838.9,367.9,
560.7,80.4,1102.6,216.0,473.3,883.1,337.3,829.6,373.5,
560.7,71.8,1103.7,215.3,477.6,882.0,336.6,830.5,369.2,
557.8,75.4,1101.6,220.1,472.8,876.2,330.2,838.2,372.9,
554.8,66.7,1103.5,220.4,472.0,882.4,337.4,834.9,369.0,
543.6,80.2,1100.1,219.3,471.6,882.7,335.3,838.5,372.9,
562.6,66.4,1098.5,220.1,468.1,878.4,343.4,840.9,376.1,
571.8,71.9,1099.8,217.1,476.2,888.7,338.3,837.8,369.1,
573.1,66.4,1100.1,224.2,470.0,884.0,344.2,836.1,367.0,
561.8,74.0,1096.9,218.5,474.2,878.2,340.5,834.9,372.3,
563.1,75.5,1097.1,212.1,475.5,879.7,339.4,834.8,381.9,
554.9,71.1,1100.9,217.3,471.4,886.2,338.3,835.6,377.3,
560.1,74.8,1092.0,215.8,470.2,885.9,338.3,833.9,370.8,
558.5,75.2,1094.0,222.4,471.6,885.8,333.7,840.9,374.7,
555.5,61.4,1099.5,218.4,469.2,883.8,342.4,836.9,372.8,
552.7,66.5,1098.2,214.9,470.1,879.0,341.8,833.9,376.5,
563.4,75.7,1095.5,218.5,474.7,880.6,341.2,836.4,371.9,
546.7,75.0,1094.8,221.6,473.1,882.3,338.6,835.2,375.4,
552.3,70.2,1098.0,221.3,469.4,878.1,338.4,834.8,378.2,
557.0,72.0,1096.9,220.6,474.8,879.0,340.0,833.9,369.4,
554.0,64.4,1097.6,217.2,473.1,884.7,337.3,838.1,379.8,
552.4,79.4,1101.7,219.3,466.7,881.2,337.7,833.5,370.0,
554.3,88.2,1107.4,218.6,469.6,890.4,341.1,834.3,374.5,
553.7,75.7,1096.5,216.3,469.4,876.8,333.8,833.3,372.1,
552.9,59.7,1099.6,211.9,475.4,878.2,344.8,831.4,372.0,
563.6,74.5,1098.4,217.4,468.0,879.3,332.7,834.4,374.1,
546.9,80.8,1097.5,212.4,465.8,884.2,334.4,835.6,379.3,
556.6,75.8,1100.3,216.2,470.3,881.2,340.8,837.4,372.5,
558.4,78.8,1102.1,218.8,469.9,883.3,342.7,841.1,373.7,
561.3,64.6,1095.1,213.7,470.4,879.4,337.2,832.2,377.1,
549.7,73.0,1094.0,223.7,468.1,878.0,341.8,838.8,368.9,
562.0,73.3,1096.3,216.3,471.1,880.1,342.3,836.9,378.5,
560.6,69.4,1106.2,218.6,475.4,886.3,337.2,839.3,376.4,
564.3,77.3,1103.2,212.4,468.7,878.6,349.0,834.3,380.3,
559.9,80.2,1085.5,214.5,470.8,881.0,337.8,832.2,374.9,
559.3,71.8,1098.7,218.6,467.0,877.3,346.8,830.5,376.9,
567.5,86.8,1097.5,215.9,470.7,880.7,336.4,834.6,371.1,
558.0,62.5,1107.9,214.4,471.6,877.3,338.8,839.9,373.9,
559.1,74.3,1100.8,208.0,462.7,879.5,343.6,837.1,377.1,
556.1,68.3,1096.0,217.9,466.6,886.1,344.8,830.3,373.1,
560.0,78.2,1088.1,216.2,466.7,880.1,336.1,826.7,376.0,
561.1,70.4,1101.8,217.8,471.1,880.4,347.8,838.4,381.9,
557.7,74.1,1084.1,219.3,470.9,882.2,342.9,839.0,378.4,
550.5,77.5,1095.3,211.9,466.5,880.7,336.9,841.7,378.9,
563.5,69.0,1089.6,217.0,464.9,885.7,343.0,837.5,376.4,
571.0,64.4,1101.4,216.5,466.4,883.1,339.9,834.1,375.7,
563.4,83.8,1100.5,204.6,474.4,879.3,341.6,833.8,372.7,
560.2,74.3,1097.3,210.2,468.2,885.2,336.2,835.7,378.3,
567.4,70.0,1097.2,214.0,471.9,875.5,338.0,837.1,378.2,
549.0,66.5,1095.0,214.6,468.6,883.4,338.4,834.7,373.4,
575.1,68.4,1095.0,221.8,468.7,883.5,337.5,837.5,378.9,
570.7,76.2,1088.8,216.3,458.7,879.3,334.7,833.1,375.7,
567.7,74.0,1091.5,201.5,466.3,878.8,337.6,837.6,373.3,
569.0,70.1,1099.8,224.9,469.5,881.2,336.6,835.8,373.9,
555.0,68.8,1090.7,216.3,458.0,873.3,335.1,837.4,374.0,
579.0,79.9,1091.1,212.9,466.9,887.1,338.0,840.9,372.1,
568.5,68.3,1095.8,218.8,469.6,883.9,343.8,831.1,375.3,
577.5,75.1,1094.7,203.9,465.4,879.9,338.1,837.3,376.7,
580.6,75.0,1097.3,218.0,461.9,880.0,336.7,838.3,370.2,
576.7,67.3,1089.0,219.7,469.0,880.2,335.4,832.1,369.0,
572.5,79.9,1095.0,204.3,465.1,876.7,336.2,836.5,378.0,
570.8,84.1,1092.6,211.2,464.7,878.9,333.9,830.9,373.8,
579.5,66.8,1094.5,219.0,461.7,878.2,337.8,834.2,377.4,
587.2,74.4,1098.4,210.1,466.9,877.6,340.9,838.7,377.7,
588.0,78.6,1093.5,212.7,480.9,882.4,336.4,838.8,372.8,
584.7,74.5,1092.0,210.2,462.0,879.0,337.5,838.0,378.5,
591.7,87.8,1107.2,206.3,467.0,878.9,333.4,835.7,376.0,
593.6,84.2,1085.0,211.0,468.9,871.5,333.7,835.6,379.5,
581.4,75.0,1094.8,218.7,462.9,873.8,334.1,842.3,380.4,
586.6,85.6,1097.1,223.6,465.4,880.9,334.6,835.4,377.3,
577.6,82.5,1095.2,210.7,477.3,882.4,339.3,836.2,375.6,
585.1,82.7,1101.2,208.8,472.5,874.9,335.2,832.8,375.1,
589.4,85.8,1097.8,213.3,476.8,878.6,340.3,835.7,376.8,
580.0,86.2,1099.7,209.6,465.9,880.1,337.9,843.0,371.6,
571.4,93.6,1091.0,210.4,464.1,876.0,339.5,838.8,376.0,
589.6,88.0,1095.1,210.4,461.9,877.3,334.0,839.0,378.8,
605.6,86.5,1103.6,211.1,461.3,877.7,334.8,834.7,377.2,
594.4,92.9,1107.5,210.5,466.8,880.7,335.8,840.7,374.1,
591.4,85.5,1104.3,201.8,468.1,877.3,336.2,836.6,374.3,
591.9,101.7,1098.7,196.9,474.1,877.2,333.8,840.2,376.6,
590.6,99.3,1103.2,216.5,472.0,874.9,333.8,832.8,376.9,
595.8,94.6,1105.0,209.4,466.6,875.3,333.3,830.1,375.8,
595.2,105.4,1107.4,206.4,467.8,871.1,341.3,835.7,372.7,
590.3,103.6,1105.7,205.5,468.5,873.8,339.1,838.1,379.2,
601.0,101.5,1106.7,203.9,469.1,864.7,337.7,832.7,373.6,
611.8,103.1,1111.5,206.6,466.8,878.3,337.7,835.8,378.1,
597.9,93.5,1107.4,216.7,465.6,878.1,336.7,840.1,374.7,
592.9,103.1,1103.7,207.4,465.2,879.9,344.7,825.4,378.0,
592.4,90.8,1101.9,219.8,473.2,878.0,337.7,834.0,374.9,
601.3,96.7,1117.9,203.5,467.8,879.3,336.4,833.2,373.5,
595.7,96.0,1113.1,213.9,469.7,880.5,333.7,836.2,380.6,
599.7,99.8,1114.5,209.3,461.8,871.4,325.5,835.6,374.7,
602.6,99.4,1118.7,214.7,474.2,872.9,330.2,832.2,373.7,
612.1,108.2,1125.2,206.4,474.2,867.3,335.3,829.7,374.9,
599.1,104.6,1118.8,215.8,470.4,879.8,331.4,831.6,374.3,
604.6,107.4,1115.9,224.8,448.4,870.9,341.1,831.6,378.7,
613.4,97.9,1118.2,219.5,468.3,874.9,330.2,832.3,368.6,
618.2,99.8,1130.7,217.5,468.7,874.0,337.8,830.0,372.7,
607.7,106.7,1122.4,217.9,474.5,879.2,329.8,832.9,372.4,
606.2,107.9,1120.1,210.0,467.1,884.2,342.5,834.0,373.5,
602.2,100.9,1124.7,230.7,467.1,881.4,330.1,841.4,373.8,
609.3,96.9,1129.2,225.0,464.7,873.2,323.4,837.5,370.0,
607.2,112.7,1128.5,227.2,462.4,877.1,336.1,835.7,370.2,
599.6,116.6,1118.7,234.5,457.9,878.5,325.4,834.6,378.8,
602.2,108.1,1126.0,227.0,466.0,872.4,330.8,831.8,371.5,
604.1,112.0,1116.3,229.9,462.4,873.4,339.4,836.8,365.8,
610.3,109.1,1127.2,230.0,477.7,881.3,335.6,833.0,371.8,
598.9,119.9,1116.6,229.8,463.0,873.3,332.7,830.4,373.8,
600.5,112.8,1118.7,229.1,461.6,872.8,340.9,830.6,371.2,
601.5,117.9,1115.2,216.1,459.8,873.2,323.3,835.7,374.4,
604.5,112.4,1120.4,228.4,469.1,872.7,335.0,833.8,365.2,
608.0,122.8,1118.2,242.3,455.5,864.3,338.6,839.9,366.8,
604.9,122.8,1119.4,242.4,457.9,881.6,336.5,825.1,366.5,
604.0,115.8,1130.8,234.6,464.8,870.1,339.4,831.9,371.2,
608.3,117.7,1116.8,244.5,475.2,890.7,330.8,839.6,372.8,
605.5,102.8,1125.2,234.8,466.0,884.3,332.6,831.7,368.3,
603.4,123.5,1123.9,233.3,463.4,877.3,339.2,827.0,375.8,
609.7,126.2,1126.7,242.4,468.3,876.5,333.9,835.2,371.7,
616.7,120.0,1127.3,240.2,467.9,882.7,339.1,833.1,369.7,
618.0,120.3,1125.7,241.8,473.3,870.0,335.5,834.9,377.4,
615.0,120.8,1118.8,233.6,472.1,875.7,324.6,830.4,372.1,
614.9,121.2,1129.3,250.1,472.3,876.3,333.3,826.1,370.3,
603.4,114.1,1132.9,239.5,471.2,880.8,335.3,830.7,365.9,
623.7,114.6,1155.6,234.7,467.7,872.8,339.8,838.8,367.8,
615.2,120.5,1133.4,239.4,476.2,872.0,324.0,842.3,367.5,
622.6,127.7,1141.8,224.9,481.2,869.9,328.6,826.9,375.1,
621.6,116.2,1136.1,240.3,475.7,867.3,330.4,836.0,367.8,
616.9,121.3,1142.9,237.4,485.2,882.7,332.7,842.5,369.6,
614.8,121.4,1128.1,244.2,480.0,870.1,326.0,833.9,376.2,
622.0,126.2,1139.6,241.6,479.6,868.5,327.3,841.3,375.3,
616.9,122.6,1148.1,231.3,491.7,882.1,327.7,846.3,370.2,
615.8,109.2,1129.6,244.6,484.5,875.9,340.4,823.0,374.9,
622.7,115.1,1141.9,235.8,476.7,873.0,322.7,837.6,365.5,
621.1,121.8,1140.0,235.9,495.2,879.4,338.2,834.7,372.4,
614.1,126.0,1139.5,248.1,490.3,882.0,324.4,835.1,371.4,
619.6,112.8,1144.0,247.6,481.7,874.4,330.5,830.2,375.7,
617.3,120.0,1135.4,237.8,490.9,883.1,333.4,838.6,369.1,
611.1,122.1,1145.8,244.2,487.9,890.4,328.6,842.1,362.0,
602.5,121.5,1142.6,243.3,486.9,886.4,338.8,827.1,372.0,
606.6,127.9,1141.0,243.3,492.5,877.9,325.0,833.2,374.4,
603.1,124.0,1130.7,248.3,488.5,885.8,328.6,830.2,369.6,
597.9,130.0,1135.4,254.6,493.0,882.7,331.4,826.7,372.2,
599.1,127.4,1135.5,241.5,489.6,892.1,328.3,818.6,365.1,
596.5,128.0,1140.6,253.6,488.6,895.6,327.6,836.2,372.3,
607.6,130.8,1138.9,244.0,505.1,893.9,326.0,822.0,369.0,
594.3,135.0,1138.3,241.9,489.8,885.3,330.5,825.6,369.0,
585.1,125.9,1131.8,252.4,497.1,876.2,339.0,839.6,380.6,
583.2,129.8,1132.0,254.2,496.2,899.4,335.6,837.3,375.0,
587.3,122.8,1137.1,247.7,495.6,894.2,329.4,827.4,368.1,
591.3,135.6,1143.5,250.6,503.3,891.8,336.9,834.5,369.4,
583.7,125.9,1141.0,260.0,489.4,888.9,340.6,823.7,368.2,
585.4,124.9,1132.6,257.0,500.6,896.1,327.5,833.7,370.5,
583.5,121.8,1149.1,253.0,493.0,900.1,326.4,831.1,372.0,
587.3,121.4,1139.5,252.7,496.6,897.2,337.5,834.4,365.5,
585.6,130.5,1136.2,256.9,495.2,901.1,334.8,825.1,371.7,
583.0,125.9,1134.2,264.2,491.8,898.1,328.1,833.6,364.5,
587.0,118.0,1135.5,256.6,497.2,897.3,330.1,827.6,362.5,
580.5,116.1,1140.1,251.5,504.1,890.6,328.0,830.2,365.0,
580.3,118.4,1145.3,255.4,487.4,900.1,329.1,825.5,379.1,
588.8,123.3,1140.5,257.2,488.2,897.1,333.5,831.6,368.4,
581.6,114.5,1147.0,267.0,494.0,896.1,327.5,840.2,357.6,
588.1,105.8,1144.5,251.3,489.8,910.1,337.0,833.1,373.2,
589.3,104.0,1148.2,257.6,491.1,894.2,349.0,814.2,370.4,
593.3,113.6,1168.7,265.7,498.9,897.9,333.9,827.4,372.3,
586.9,109.0,1135.2,257.1,498.5,903.8,346.3,822.0,375.0,
593.4,112.4,1141.8,253.5,493.5,898.7,337.9,836.9,372.8,
588.9,101.0,1131.4,250.3,502.0,897.1,343.2,820.4,363.0,
581.0,103.4,1143.6,247.6,493.9,896.2,341.5,823.6,370.6,
589.8,109.9,1159.5,252.0,488.4,893.2,345.2,825.1,366.4,
585.1,109.9,1145.1,250.0,497.2,902.4,340.9,837.6,367.2,
587.5,98.2,1153.2,259.3,496.5,904.9,344.3,829.5,371.3,
589.8,102.7,1145.6,256.9,504.8,894.5,333.2,821.3,373.8,
586.5,102.3,1143.6,262.7,492.0,901.0,345.8,835.5,374.4,
590.1,97.9,1151.6,255.0,501.9,912.1,348.9,832.3,371.9,
584.1,101.2,1150.0,251.5,505.3,907.3,346.6,837.2,370.3,
581.5,96.9,1153.3,251.9,504.0,899.1,350.7,828.3,365.1,
584.0,86.8,1129.3,255.4,502.3,901.5,350.0,830.0,368.3,
582.9,94.0,1153.6,250.4,509.2,895.9,346.6,824.5,365.4,
591.3,96.8,1158.8,249.4,507.4,911.7,352.4,833.3,369.1,
586.5,98.2,1153.4,258.8,496.3,900.5,348.2,822.9,368.4,
580.3,91.6,1148.5,259.4,513.8,910.5,343.7,837.2,366.3,
586.4,94.5,1149.3,258.3,500.6,901.3,348.3,828.9,366.4,
588.4,85.6,1146.6,247.2,504.9,896.7,354.2,835.9,370.2,
588.7,89.7,1144.2,252.2,507.7,901.3,355.5,840.3,354.5,
578.6,95.9,1149.3,257.0,515.8,892.6,347.0,847.5,364.4,
589.1,92.2,1145.9,239.7,506.7,911.8,356.3,825.2,362.5,
588.3,92.6,1144.5,251.8,501.4,893.8,348.4,827.2,365.4,
586.7,93.5,1140.8,248.3,501.8,903.4,343.5,826.9,370.1,
587.4,87.7,1144.8,251.1,519.6,907.1,347.0,829.7,369.0,
586.3,91.3,1143.3,254.8,514.1,902.8,352.0,825.8,367.0,
584.7,89.7,1140.5,246.3,528.9,894.3,347.2,828.5,367.5,
581.4,96.3,1137.3,245.5,504.1,893.6,354.9,827.0,378.1,
590.6,91.2,1136.7,256.0,507.8,892.2,356.8,830.5,365.3,
592.0,87.8,1134.2,252.9,505.4,900.3,341.9,839.7,361.3,
581.5,96.4,1140.6,249.5,508.2,920.7,349.5,816.5,367.3,
591.7,92.2,1135.8,253.4,523.7,891.3,353.3,834.5,368.5,
594.7,86.2,1148.7,252.3,521.1,890.5,351.5,835.6,362.7,
591.5,91.3,1124.9,255.2,511.7,908.9,362.7,826.9,365.3,
595.1,86.7,1144.1,259.5,512.1,888.1,341.6,835.2,354.7,
591.5,89.4,1136.8,248.0,517.0,899.4,338.1,837.2,364.8,
587.5,89.4,1128.1,253.9,518.0,890.8,357.3,847.0,355.6,
589.8,92.8,1131.6,247.5,516.7,905.6,359.1,830.0,374.2,
592.8,90.7,1131.3,246.4,506.3,904.4,351.1,825.2,370.9,
588.0,91.1,1125.1,255.8,508.5,914.2,350.5,831.3,372.8,
589.6,89.6,1120.0,247.9,510.7,898.8,352.7,855.7,366.7,
590.4,93.6,1124.7,250.4,511.0,899.7,354.7,827.8,359.6,
587.6,83.9,1126.7,260.1,506.5,900.5,353.6,830.5,371.1,
584.5,91.6,1129.6,254.5,505.9,903.5,350.7,831.2,373.2,
585.0,93.2,1121.0,250.9,506.1,895.3,340.4,834.5,370.5,
592.5,90.9,1123.3,256.6,510.8,902.3,353.3,839.8,362.7,
587.6,89.9,1124.4,255.5,502.1,902.2,339.6,830.0,364.1,
592.4,87.9,1119.0,254.7,505.3,910.2,346.6,834.4,365.6,
584.5,93.3,1115.0,259.0,505.9,902.9,359.8,836.1,373.2,
589.2,95.1,1125.6,250.2,516.3,905.5,357.1,819.5,369.9,
593.6,89.7,1129.9,241.4,501.4,908.8,351.4,826.6,362.1,
587.8,90.2,1132.2,267.9,501.3,906.5,353.7,833.1,375.0,
586.8,89.0,1134.3,243.5,509.4,912.0,340.8,824.7,370.9,
583.7,99.7,1123.0,247.2,513.4,909.4,342.2,829.0,374.9,
589.6,86.9,1126.7,243.7,503.4,896.6,359.2,819.6,370.3,
587.4,90.9,1121.9,255.9,508.0,907.5,347.4,832.3,371.9,
587.8,85.8,1128.6,259.7,498.5,900.6,346.4,823.8,365.0,
585.6,91.1,1124.9,250.1,517.0,889.7,349.7,828.5,369.9,
592.3,83.7,1133.2,247.5,516.3,895.5,359.6,829.5,370.9,
585.6,89.2,1129.3,258.3,526.3,895.9,347.8,823.1,374.8,
590.2,92.7,1137.5,253.4,507.6,912.7,355.8,826.5,371.6,
597.7,96.6,1136.0,227.4,530.7,901.5,337.8,815.7,363.2,
593.3,88.8,1132.8,257.1,516.4,906.0,353.9,826.7,364.8,
586.3,86.8,1127.2,253.1,501.8,904.3,354.8,831.2,366.5,
594.8,94.5,1132.9,253.3,513.3,900.3,348.6,815.4,364.2,
592.3,86.3,1141.9,261.1,509.8,909.3,340.5,832.8,363.2,
592.2,87.1,1134.4,255.6,507.7,896.9,343.5,820.6,362.5,
588.5,85.6,1138.9,263.9,520.4,900.8,358.1,837.6,370.6,
588.7,96.4,1147.2,253.5,501.9,912.1,346.8,828.7,368.1,
585.9,93.3,1128.2,253.4,506.3,909.4,351.9,846.7,378.2,
589.9,89.9,1140.5,245.2,497.6,899.8,346.5,833.8,355.2,
584.5,89.2,1139.6,252.0,506.9,903.8,348.3,832.4,365.6,
585.9,94.5,1142.3,254.8,504.3,903.6,344.3,825.0,368.3,
586.1,93.8,1138.1,258.6,504.1,910.2,353.2,842.9,369.4,
589.9,86.9,1143.9,246.8,511.7,908.8,352.5,847.0,363.4,
592.3,100.8,1157.3,259.9,515.6,891.7,332.0,850.3,367.9,
586.0,88.6,1136.5,253.2,507.9,901.4,352.4,843.8,366.4,
590.5,93.9,1136.0,241.7,505.9,906.3,345.4,831.4,386.6,
593.3,98.2,1139.7,252.4,501.5,901.6,351.6,837.9,367.9,
591.6,93.3,1148.3,248.3,508.6,903.6,344.6,840.2,368.0,
594.6,84.8,1147.7,256.5,509.6,901.8,348.1,830.5,365.0,
590.8,93.9,1141.8,243.0,504.8,909.7,346.6,831.4,377.7,
586.3,83.5,1143.2,252.8,497.9,900.8,345.8,835.3,379.1,
596.5,93.7,1141.3,255.1,507.1,907.4,343.9,832.9,364.6,
584.6,88.9,1145.6,252.8,503.3,902.7,345.3,836.1,366.0,
595.7,92.3,1142.7,260.8,499.2,903.0,343.6,828.0,370.6,
590.5,84.4,1134.4,256.7,501.0,903.8,337.7,830.9,372.5,
588.0,90.1,1144.0,251.9,502.2,900.0,344.0,829.5,368.4,
591.1,102.0,1136.1,250.4,496.0,907.6,346.2,827.9,365.5,
589.9,106.3,1124.6,254.6,504.0,908.1,349.9,830.8,369.4,
592.5,100.6,1143.6,264.1,496.0,901.7,340.6,837.2,358.4,
590.3,88.5,1131.2,262.1,497.6,895.8,342.8,832.7,368.9,
589.7,102.2,1132.7,259.0,485.6,902.1,339.9,833.7,361.3,
585.3,104.6,1144.7,258.2,499.1,897.6,337.6,830.9,368.8,
588.8,105.0,1134.2,262.9,492.7,910.9,329.5,828.9,367.4,
584.7,96.3,1144.5,249.1,498.4,905.2,335.1,841.1,368.3,
588.7,100.8,1143.1,253.7,484.5,901.2,340.1,842.1,382.7,
595.6,114.9,1136.8,252.9,492.2,904.3,335.3,832.5,366.7,
585.6,113.2,1130.9,259.1,501.6,890.9,344.9,830.2,363.1,
589.7,112.2,1127.0,254.9,487.9,899.4,324.0,826.9,364.6,
587.4,104.2,1129.4,257.1,489.5,902.8,345.0,844.0,376.4,
589.5,122.8,1121.9,256.8,491.5,900.5,328.2,838.0,370.2,
597.7,117.8,1127.7,251.1,499.2,890.3,325.9,843.0,368.0,
583.8,119.9,1129.2,248.6,496.6,897.2,342.4,824.1,358.5,
583.8,123.2,1134.0,252.1,494.8,886.4,336.5,824.0,371.7,
585.0,126.9,1134.7,251.3,484.4,889.5,337.6,831.0,357.2,
584.2,126.0,1116.7,255.0,488.6,890.6,348.4,828.4,367.6,
585.7,130.1,1129.7,252.2,490.8,896.9,338.8,827.6,370.4,
589.2,117.7,1137.2,250.5,497.6,897.8,339.6,822.3,380.8,
586.4,125.3,1137.9,253.3,497.1,894.5,329.1,823.3,371.1,
590.3,121.6,1131.3,240.3,494.8,881.6,332.4,825.3,379.0,
590.0,129.1,1131.8,249.7,496.7,896.5,332.4,829.7,367.9,
584.6,118.4,1132.8,239.2,490.1,891.8,338.4,834.5,379.5,
588.5,122.6,1132.8,246.2,491.7,895.2,330.0,832.6,370.9,
592.0,124.7,1140.5,253.7,487.4,897.0,335.4,826.8,376.8,
595.6,122.4,1132.8,251.0,483.3,890.4,329.7,826.9,373.6,
595.9,103.0,1139.9,236.8,497.4,881.0,336.8,827.9,368.4,
601.7,112.0,1147.3,249.9,497.6,884.6,324.8,827.8,367.2,
599.2,107.3,1140.1,236.1,492.3,877.6,340.7,831.9,365.9,
611.0,115.9,1125.5,232.1,481.0,882.4,338.3,829.4,370.4,
611.6,117.0,1135.6,250.1,478.8,886.7,332.6,827.5,375.4,
614.8,116.6,1138.2,243.6,485.0,890.3,332.4,850.6,365.3,
605.8,113.6,1132.4,240.7,484.1,885.8,339.1,841.4,372.0,
613.7,125.7,1141.1,239.1,479.0,890.6,346.4,840.4,377.0,
616.1,114.9,1129.0,240.9,476.7,896.3,335.4,834.2,370.2,
609.6,117.5,1131.1,239.1,487.2,896.9,327.3,835.2,375.0,
613.9,119.1,1136.0,240.2,481.4,878.8,335.2,843.2,368.0,
617.1,116.2,1133.7,247.3,487.0,896.1,340.0,830.0,372.3,
627.5,112.7,1120.7,241.0,471.6,883.1,330.9,826.3,369.1,
622.8,121.8,1121.4,246.0,464.7,875.0,325.4,841.4,374.8,
608.7,113.0,1124.2,255.4,472.4,883.2,332.5,821.1,373.7,
624.9,124.8,1135.9,244.4,476.0,879.4,327.2,839.2,364.9,
615.0,115.7,1121.7,236.6,459.2,885.8,332.5,831.1,367.4,
