948.7,3826.6,592.4,1007.4,625.4,
961.3,3833.5,616.0,1016.8,640.1,
972.7,3823.1,599.6,998.1,621.2,
953.2,3829.4,608.3,1027.0,636.1,
956.0,3828.4,618.9,1001.3,642.5,
964.2,3831.8,625.4,1000.4,638.5,
967.8,3832.5,613.3,1011.9,641.2,
949.3,3833.4,615.6,1043.2,650.6,
967.7,3831.2,619.0,999.7,637.6,
991.7,3832.5,641.2,963.9,653.4,
976.1,3830.1,605.8,969.7,651.3,
970.0,3831.3,617.8,1004.8,662.7,
933.0,3833.3,604.5,1006.1,650.8,
1006.8,3824.5,620.1,1005.4,661.1,
966.9,3821.4,641.9,1042.0,645.8,
968.8,3833.9,627.6,1027.1,643.8,
993.1,3830.3,635.0,1030.9,677.7,
978.4,3824.9,624.6,1023.1,652.6,
969.4,3827.9,625.5,1016.4,644.3,
1003.2,3831.2,625.8,1019.3,653.5,
975.8,3824.1,627.3,1017.0,640.5,
910.3,3826.6,641.4,1071.8,631.2,
975.0,3827.3,612.3,1023.8,642.4,
995.1,3823.7,616.4,1027.0,643.6,
998.0,3830.1,629.7,1009.3,637.2,
986.0,3834.3,622.1,1014.4,644.8,
984.3,3827.4,593.5,1069.6,701.1,
951.2,3825.5,621.4,1018.1,636.4,
970.6,3825.8,641.5,992.3,650.0,
957.7,3829.3,620.9,1012.5,633.3,
990.5,3828.0,642.7,1016.5,646.9,
985.8,3819.6,622.5,1006.8,656.9,
983.1,3823.3,624.3,1023.3,644.2,
978.0,3825.7,644.8,1063.8,592.9,
994.8,3827.8,607.1,1027.0,591.4,
999.1,3827.3,620.3,1019.7,650.8,
990.5,3826.7,641.1,1032.9,653.9,
983.5,3828.6,635.2,1018.1,647.9,
991.1,3826.5,633.8,1010.0,651.3,
992.9,3824.2,620.5,1013.3,645.7,
1019.6,3825.4,642.5,1008.4,640.4,
974.3,3833.2,620.2,1002.5,635.3,
985.5,3827.2,644.1,1041.9,652.4,
1033.7,3827.3,607.5,1046.0,636.1,
1017.8,3830.6,637.9,1017.0,647.4,
1016.4,3828.1,649.9,1018.2,647.1,
1033.5,3825.1,647.6,991.8,629.9,
997.9,3822.9,602.6,1033.3,641.5,
987.6,3824.3,623.4,971.5,633.7,
1010.1,3825.3,628.0,1022.2,630.0,
999.6,3822.7,634.1,1008.6,626.7,
1008.8,3829.7,618.1,1024.3,629.3,
978.2,3820.8,648.8,1007.6,628.3,
1001.1,3827.2,620.9,1021.6,625.8,
988.6,3827.6,654.2,1003.4,633.2,
1018.9,3827.0,656.8,1011.8,631.9,
984.1,3832.6,628.0,994.4,618.1,
1007.5,3822.3,618.9,1014.9,627.2,
977.8,3819.2,615.2,1024.5,631.4,
975.2,3827.3,619.8,1020.3,628.7,
975.0,3812.8,643.7,1024.1,622.4,
1007.1,3825.2,636.8,1036.2,620.4,
1013.4,3818.5,663.3,991.9,631.1,
998.4,3815.7,633.1,1027.0,633.3,
998.3,3824.2,606.6,1011.7,637.8,
1016.7,3829.0,607.2,1042.8,635.4,
1031.9,3831.7,638.9,1015.6,639.8,
1016.8,3827.1,612.5,1010.8,618.8,
1002.8,3822.8,623.5,1022.5,626.5,
1001.1,3823.0,631.9,1010.5,610.5,
1015.2,3829.7,628.8,1011.9,621.3,
1004.9,3821.4,628.0,1016.4,616.0,
1066.3,3826.4,654.1,1024.6,620.8,
995.6,3819.8,621.7,1011.7,623.8,
1019.9,3821.3,619.2,1004.4,605.7,
1012.7,3829.5,634.6,1004.7,588.6,
986.4,3829.0,632.7,1002.5,621.8,
995.8,3828.9,632.2,1002.4,624.8,
1023.8,3826.3,641.8,993.1,587.4,
1010.2,3823.3,600.7,1005.7,631.0,
1019.4,3825.6,607.0,993.7,606.7,
961.2,3835.5,627.8,1007.9,615.0,
1005.3,3827.0,634.1,997.7,620.1,
994.2,3825.4,570.0,991.6,605.1,
1002.9,3827.5,615.4,997.0,585.9,
994.4,3824.3,571.4,993.6,616.4,
1043.9,3823.3,648.4,997.2,625.3,
1006.8,3829.3,639.7,1000.6,599.0,
981.1,3829.0,619.0,992.5,595.7,
947.3,3829.9,581.2,989.5,638.1,
1014.1,3831.1,648.7,1005.3,616.1,
1012.5,3825.6,617.6,1010.4,612.4,
1026.9,3826.9,626.4,998.7,608.8,
1036.5,3828.3,592.5,997.0,642.4,
1000.6,3820.4,607.6,996.0,608.5,
1029.0,3828.1,588.0,998.3,626.9,
1044.4,3823.8,635.8,991.2,610.0,
1013.9,3822.6,658.3,997.3,613.0,
1049.3,3816.1,640.9,983.1,628.5,
1007.9,3830.4,589.2,996.0,616.8,
1008.4,3825.0,639.8,988.1,611.9,
1037.6,3826.4,646.4,1014.2,547.3,
1017.6,3826.8,628.6,972.8,610.6,
1017.6,3824.5,624.7,985.3,629.5,
1018.4,3827.3,615.9,989.6,616.7,
1009.7,3823.4,624.7,991.6,614.9,
979.2,3820.3,640.1,971.2,632.5,
1023.5,3820.0,617.3,1017.1,642.7,
1026.9,3834.6,638.5,981.0,620.6,
1023.9,3818.8,633.0,981.1,610.7,
985.6,3821.6,628.3,999.5,588.5,
1003.3,3826.8,630.1,1007.4,639.6,
997.5,3820.0,613.5,965.5,612.9,
1030.7,3824.9,618.6,978.4,621.7,
999.0,3820.3,621.2,981.3,627.4,
996.7,3829.7,629.6,988.6,610.3,
1021.9,3819.1,629.6,987.3,646.3,
1000.6,3820.6,626.2,933.2,622.4,
1004.4,3820.6,630.5,1004.9,618.7,
1012.9,3820.2,641.2,979.4,647.7,
1016.4,3826.2,630.7,984.2,636.5,
1009.0,3823.0,627.8,992.1,651.2,
997.3,3821.6,623.9,979.8,592.0,
1015.0,3818.4,626.6,1014.7,576.9,
1003.7,3818.3,610.5,986.9,638.7,
1005.6,3820.7,608.9,992.2,620.5,
981.0,3824.8,619.2,965.9,617.8,
1029.9,3827.5,614.0,992.4,605.4,
976.2,3818.9,633.5,991.8,627.5,
1027.8,3824.3,606.1,942.6,633.0,
1018.4,3826.9,611.3,957.8,613.0,
999.1,3815.8,608.0,971.1,594.5,
980.4,3821.0,607.2,978.2,617.7,
1004.3,3822.7,615.7,995.8,594.3,
1018.6,3821.5,618.5,993.5,524.1,
1000.6,3823.3,601.4,993.9,588.4,
994.0,3819.1,616.1,985.5,629.3,
959.9,3821.7,620.5,972.3,620.3,
1056.6,3821.5,611.1,978.0,617.8,
999.7,3817.8,611.4,989.3,622.4,
997.3,3818.5,608.6,1010.1,616.8,
992.0,3820.3,609.5,997.6,617.6,
991.3,3822.9,616.0,995.0,620.4,
1010.8,3828.8,609.5,950.8,616.7,
996.7,3827.9,614.6,959.2,644.7,
1004.7,3830.3,619.5,986.3,648.0,
988.9,3826.7,614.7,1024.3,632.9,
999.6,3825.4,615.6,991.9,632.7,
996.0,3822.6,601.7,1011.8,639.4,
1014.2,3812.9,617.4,995.5,604.7,
999.7,3826.2,611.3,980.9,609.5,
1000.5,3815.3,612.0,1006.9,605.2,
1010.1,3830.3,612.1,997.5,612.1,
1012.0,3819.8,608.5,970.0,610.3,
990.9,3828.5,607.9,986.5,613.2,
995.3,3816.4,608.1,992.0,615.9,
1030.0,3827.0,605.6,1003.8,636.3,
985.6,3828.4,605.7,999.7,621.3,
1016.6,3819.3,612.2,984.3,622.7,
1002.4,3828.0,612.7,1009.4,634.8,
1015.5,3827.2,605.9,993.3,615.8,
1009.4,3824.2,611.9,988.5,619.0,
1046.6,3825.7,609.4,976.4,617.2,
1006.1,3818.9,607.7,978.5,640.6,
976.1,3828.2,610.4,981.3,625.8,
1030.2,3820.6,613.4,974.3,642.5,
974.3,3823.1,630.8,990.4,633.9,
986.0,3825.7,613.9,967.4,606.3,
991.9,3819.7,598.9,992.8,617.1,
967.7,3821.1,618.8,996.1,623.3,
1003.6,3831.3,608.2,992.9,607.2,
989.1,3819.3,617.6,949.6,653.4,
984.6,3820.3,609.7,970.2,614.0,
973.3,3820.8,611.4,986.2,619.3,
994.3,3822.5,616.8,975.0,616.6,
1000.1,3817.0,600.9,999.3,647.0,
1012.0,3818.5,606.7,974.7,624.6,
1005.7,3823.5,608.2,987.9,615.7,
995.3,3830.8,607.5,972.6,627.4,
1014.5,3821.3,607.7,986.9,590.8,
986.6,3819.9,604.9,974.5,624.8,
1014.2,3821.0,608.5,970.1,633.8,
991.2,3824.8,600.0,947.5,610.4,
1012.5,3822.4,619.8,961.7,608.2,
1012.8,3827.5,605.6,995.1,610.5,
997.4,3830.5,626.6,961.6,608.8,
997.7,3820.4,614.5,995.2,620.7,
1007.9,3827.1,608.3,957.7,617.3,
1012.2,3830.2,623.2,972.6,634.1,
983.0,3825.3,618.2,996.4,609.2,
1004.2,3831.3,622.4,1001.4,598.5,
1006.5,3826.5,626.7,998.8,627.5,
969.0,3826.5,617.8,996.0,595.4,
981.6,3822.6,629.8,952.2,571.1,
992.7,3822.2,616.3,963.2,606.5,
1003.0,3825.4,613.3,976.9,601.6,
1009.9,3830.2,635.0,1001.1,594.1,
1004.5,3822.2,640.6,982.9,600.8,
967.2,3821.4,624.6,973.8,604.7,
974.9,3819.4,643.9,996.5,584.3,
992.2,3820.9,636.8,978.5,613.1,
1016.7,3819.6,628.1,1003.6,618.4,
977.5,3827.0,658.5,977.2,620.8,
1015.7,3828.5,637.0,1007.3,640.0,
1010.4,3823.8,622.1,985.7,582.4,
1065.7,3826.7,654.6,983.7,629.8,
1024.3,3825.6,628.6,994.3,596.2,
1014.5,3823.7,634.3,1001.0,596.9,
1026.8,3825.9,627.5,988.7,609.5,
1009.3,3826.9,622.1,1001.3,604.7,
1011.3,3824.9,637.9,994.3,598.9,
1026.7,3830.1,633.7,994.7,614.5,
1010.0,3822.7,620.6,996.8,597.2,
1005.4,3820.5,605.8,992.7,625.6,
1019.9,3827.7,622.5,1000.0,602.2,
1025.1,3823.3,620.9,1001.4,607.6,
1034.7,3828.3,599.3,999.0,594.1,
1025.7,3827.2,631.4,998.3,623.6,
1013.6,3829.7,566.3,998.7,614.8,
1011.6,3825.4,646.4,1002.6,607.8,
1003.3,3827.1,617.2,994.0,614.6,
1021.5,3826.3,590.7,1003.6,606.2,
1027.0,3827.1,625.0,1001.0,593.1,
1039.0,3831.0,570.2,1008.1,621.5,
1009.9,3825.3,643.8,1010.9,619.5,
997.2,3822.9,637.7,1007.9,595.5,
1033.5,3823.0,638.1,1008.2,641.5,
1007.9,3822.6,647.2,1003.6,641.0,
984.5,3828.8,624.1,1012.5,609.8,
1017.7,3820.7,664.2,1015.0,634.9,
1028.0,3820.1,645.7,1038.3,572.3,
1030.7,3822.9,636.3,1039.4,627.1,
1013.6,3822.9,657.5,1020.7,617.6,
1026.4,3821.6,646.1,1025.2,622.5,
1001.0,3820.0,627.0,1029.7,620.7,
997.6,3826.5,635.8,1037.8,621.2,
1003.0,3824.1,648.5,1034.5,641.4,
1006.1,3826.9,629.5,1030.8,625.9,
1006.3,3830.7,645.2,1027.1,636.5,
1045.1,3828.1,691.4,1030.2,627.2,
1033.6,3829.0,648.7,1040.4,616.0,
994.9,3828.2,633.2,1018.9,620.9,
1003.9,3826.8,624.7,1020.0,626.6,
994.9,3828.9,631.9,1013.8,623.7,
1005.5,3826.6,635.0,1041.5,640.3,
996.9,3824.1,636.5,1020.7,632.8,
1002.8,3833.7,632.2,1006.0,640.1,
994.5,3829.5,617.1,1030.8,639.6,
1011.2,3825.1,629.5,1008.2,653.3,
1014.4,3827.4,613.1,1015.4,634.8,
1025.9,3823.5,614.5,1040.9,632.4,
1021.9,3830.7,590.0,996.6,683.0,
982.9,3822.9,610.4,1010.2,650.3,
954.0,3827.6,618.6,983.5,631.2,
969.2,3827.1,617.3,1016.9,644.8,
982.3,3823.1,634.0,1022.2,602.9,
920.4,3832.4,649.8,1013.3,648.0,
988.5,3831.5,643.1,1019.6,649.0,
974.2,3825.3,624.4,1024.2,631.6,
969.7,3828.3,610.8,1030.0,652.7,
973.5,3825.0,632.2,1026.8,647.1,
973.2,3826.2,619.4,1040.5,595.2,
973.6,3830.2,641.0,1064.7,645.5,
968.7,3822.6,634.1,1050.6,652.9,
986.8,3827.7,629.5,1023.4,617.4,
967.4,3825.8,606.4,1037.8,655.9,
967.8,3826.6,611.2,1027.6,597.5,
960.7,3822.5,621.8,1024.8,654.8,
979.2,3821.5,593.5,1030.9,648.7,
944.5,3831.0,600.1,991.0,701.8,
989.0,3830.0,632.5,1028.5,616.4,
943.2,3834.1,613.2,1013.6,627.5,
941.6,3831.3,620.3,1004.4,628.5,
958.9,3832.7,620.2,1031.0,627.9,
945.8,3834.9,602.6,1038.7,657.0,
992.9,3825.0,608.5,1006.0,642.9,
947.2,3831.3,628.8,1033.1,638.7,
957.5,3826.7,601.1,1019.5,685.5,
944.8,3832.5,601.3,996.8,651.7,
939.5,3829.8,596.3,1007.1,648.8,
939.8,3825.6,610.8,1022.1,631.8,
923.5,3830.2,595.9,1010.6,647.3,
927.9,3827.1,571.3,1011.5,632.5,
912.7,3830.8,588.8,1031.7,651.9,
954.7,3828.4,584.7,994.2,609.6,
948.3,3832.4,595.6,1022.3,585.3,
936.3,3828.4,604.6,995.9,639.5,
950.5,3827.9,593.4,1019.1,652.8,
937.3,3824.3,600.3,998.1,661.2,
926.8,3832.6,594.5,961.4,649.8,
934.8,3831.1,591.3,1040.3,649.4,
910.3,3823.2,590.4,1005.4,637.8,
932.4,3826.8,557.7,1008.9,651.4,
943.7,3827.1,565.5,995.8,650.4,
931.3,3835.9,560.6,1013.0,661.4,
938.0,3831.8,564.7,990.1,651.1,
947.2,3832.9,575.3,1004.4,628.9,
951.0,3835.4,586.6,962.8,650.0,
951.2,3839.3,577.7,979.3,629.7,
950.1,3826.2,572.6,1002.9,630.8,
955.3,3833.4,570.0,979.6,654.5,
952.5,3830.2,556.7,1009.5,639.3,
945.6,3838.8,555.1,925.2,605.4,
952.1,3829.5,531.2,996.2,662.4,
954.0,3830.3,521.7,954.2,616.9,
962.8,3829.4,566.6,959.8,607.5,
973.7,3830.8,547.8,971.3,649.0,
973.0,3833.9,537.5,980.4,628.7,
962.0,3839.6,520.8,981.7,596.2,
933.9,3836.8,556.1,979.7,609.0,
952.2,3835.4,555.8,994.3,615.8,
959.0,3832.0,558.7,981.2,621.0,
957.6,3833.6,548.4,972.8,619.4,
957.2,3828.1,546.0,957.3,627.6,
976.6,3832.6,591.2,968.8,612.2,
972.3,3832.8,553.9,983.7,611.7,
973.1,3826.4,554.0,1001.5,613.9,
931.2,3830.9,562.5,948.0,599.5,
944.2,3828.7,554.4,966.0,590.2,
947.1,3827.7,567.4,994.2,614.2,
963.0,3827.7,573.1,983.2,609.1,
914.0,3830.2,578.1,1025.7,536.3,
994.6,3824.6,578.2,973.1,626.3,
955.4,3824.2,582.1,932.6,602.8,
964.7,3825.5,583.5,971.6,600.8,
966.6,3824.2,578.9,997.8,571.9,
971.5,3817.3,589.1,950.9,608.9,
978.7,3825.8,587.3,942.9,571.8,
971.5,3822.9,572.4,957.0,585.9,
985.8,3821.8,592.6,941.1,594.2,
921.9,3831.6,588.0,972.1,635.4,
940.2,3829.3,588.1,933.6,582.8,
996.4,3826.0,587.4,946.8,588.0,
949.4,3824.2,572.9,954.2,580.5,
967.5,3834.6,572.7,941.6,604.3,
967.4,3819.8,607.7,956.1,615.2,
961.0,3837.0,584.2,980.7,568.9,
988.7,3832.7,588.3,955.9,613.2,
969.7,3829.7,601.1,945.5,605.2,
968.9,3830.4,595.1,952.3,566.0,
960.7,3832.4,590.7,948.2,582.0,
983.2,3822.9,609.5,966.4,567.9,
992.6,3829.2,586.0,948.1,603.2,
1026.3,3826.5,599.6,950.5,577.6,
1007.1,3833.4,585.7,963.7,573.1,
998.0,3827.5,625.8,965.8,556.8,
959.4,3824.3,585.0,953.7,577.5,
997.3,3822.1,597.4,958.4,566.4,
947.1,3829.9,600.6,951.3,570.0,
966.0,3831.0,586.0,970.0,565.2,
979.1,3824.9,623.5,967.0,582.2,
990.6,3836.0,615.8,969.1,559.2,
973.6,3828.7,597.1,961.0,572.1,
990.5,3824.1,594.5,977.9,578.1,
1004.4,3830.2,584.6,985.7,528.2,
988.5,3834.6,620.9,974.9,608.2,
956.7,3831.4,594.2,971.7,575.8,
978.3,3830.3,592.7,994.9,560.7,
1005.8,3836.0,595.7,979.0,568.9,
971.0,3824.3,600.7,1001.6,577.3,
974.4,3827.1,606.4,981.4,586.8,
991.8,3828.8,590.5,1000.5,581.6,
1050.5,3820.8,628.6,1017.2,588.6,
955.2,3832.6,621.0,1013.6,566.6,
984.2,3833.5,598.9,981.9,585.6,
971.0,3827.6,620.9,982.3,593.6,
973.1,3831.4,590.0,971.4,588.2,
984.2,3826.7,602.7,976.1,589.2,
996.1,3838.0,602.1,994.4,604.8,
962.2,3842.2,629.4,992.5,597.0,
985.1,3826.0,599.2,1010.5,587.5,
960.8,3828.8,611.4,930.4,593.1,
1003.8,3827.3,632.1,977.6,575.2,
957.8,3827.1,611.0,973.0,583.1,
977.1,3827.8,586.4,1011.2,638.4,
924.7,3825.1,607.5,980.4,581.0,
946.2,3827.9,624.5,1013.7,622.1,
980.8,3824.0,610.7,972.5,605.6,
899.2,3829.9,611.4,1007.8,574.5,
972.4,3826.0,636.8,991.1,605.6,
969.8,3829.5,598.5,978.6,646.1,
968.0,3834.0,599.7,998.7,612.9,
1006.8,3832.5,618.0,1001.5,625.9,
939.9,3830.4,590.5,985.0,615.3,
985.7,3828.2,606.0,1001.1,628.6,
986.1,3826.1,633.1,996.1,603.6,
1011.1,3827.4,634.2,996.9,599.6,
955.5,3829.7,605.0,1059.1,612.5,
1001.0,3820.6,600.3,968.9,572.4,
956.9,3831.0,608.7,985.3,628.2,
974.4,3827.4,612.6,998.4,599.4,
986.5,3822.1,588.6,1018.9,510.7,
993.8,3828.4,600.0,991.0,620.7,
976.0,3829.4,648.4,991.6,627.9,
980.4,3826.6,589.4,975.8,618.8,
990.9,3828.7,616.0,1055.3,607.8,
978.6,3821.5,623.0,990.7,615.2,
968.5,3820.0,621.8,1005.5,630.1,
960.5,3826.9,614.2,1012.9,643.6,
960.0,3827.3,615.3,1006.9,621.3,
961.3,3826.5,612.8,1010.8,616.8,
975.5,3845.7,600.8,1017.1,604.7,
975.6,3823.0,612.9,1025.8,634.6,
955.4,3827.1,596.8,1000.6,605.7,
956.4,3820.0,614.7,1004.2,602.1,
934.8,3824.8,616.4,1003.4,624.5,
928.3,3825.5,620.1,1015.7,675.6,
961.1,3832.2,669.9,1007.4,633.8,
949.7,3834.6,610.9,1014.5,639.5,
963.4,3827.2,578.2,995.7,635.2,
962.8,3821.8,600.2,997.0,643.9,
954.6,3831.0,607.9,1002.0,652.9,
947.6,3829.9,596.6,998.2,598.5,
956.8,3826.8,607.8,1000.9,613.9,
958.3,3827.9,594.8,1011.8,626.3,
965.4,3833.1,608.4,1000.1,629.7,
947.8,3825.9,586.3,1016.6,602.3,
956.0,3821.3,602.3,1011.8,616.9,
973.3,3832.1,596.7,1020.4,625.8,
957.2,3837.6,601.4,976.6,622.1,
937.7,3817.8,603.2,987.7,618.0,
938.2,3829.1,603.0,1014.5,644.0,
969.1,3822.0,592.8,1003.3,620.1,
953.8,3824.4,578.4,1018.2,642.8,
936.8,3824.2,590.2,998.0,595.1,
956.4,3827.7,591.1,999.7,637.5,
942.8,3835.2,625.7,952.5,666.8,
972.5,3824.6,599.3,990.6,613.7,
975.9,3830.9,588.2,1035.6,639.5,
967.9,3825.0,606.8,1014.7,619.3,
984.1,3822.0,582.8,1001.0,634.1,
975.6,3814.8,608.7,1008.0,621.0,
979.5,3837.9,610.4,1005.2,646.6,
972.8,3828.0,590.6,999.5,595.6,
972.5,3822.6,583.8,989.4,612.6,
975.5,3823.3,599.3,1004.9,622.5,
980.4,3826.3,606.5,999.0,624.7,
975.8,3832.9,605.2,985.8,638.6,
975.9,3822.4,604.5,996.7,611.0,
969.9,3822.7,602.6,970.1,627.7,
992.7,3819.2,567.3,995.6,613.3,
989.4,3823.9,593.3,969.6,593.6,
983.0,3825.3,623.2,989.1,598.9,
999.5,3827.4,588.0,995.4,634.6,
993.1,3823.9,589.9,995.9,605.9,
983.8,3827.7,603.4,978.0,605.0,
999.1,3827.2,614.2,961.0,632.2,
1011.3,3822.5,594.9,976.0,633.4,
1003.5,3829.1,593.9,988.7,609.4,
999.7,3824.7,601.0,982.7,625.3,
980.9,3828.2,602.5,980.1,599.2,
988.8,3834.6,603.0,996.0,614.4,
1002.8,3817.6,604.9,1010.6,589.8,
959.5,3825.2,609.0,945.7,657.6,
977.8,3826.0,602.6,1000.7,630.9,
976.0,3821.2,608.9,1027.4,653.9,
1009.5,3828.2,607.9,974.5,638.0,
975.0,3826.7,609.0,997.5,607.4,
1004.4,3823.5,612.6,973.6,608.3,
962.0,3826.8,601.5,1017.3,591.0,
1002.4,3827.3,616.0,978.7,631.1,
1007.9,3819.0,602.0,990.2,586.2,
980.8,3821.9,607.2,1014.2,576.0,
987.4,3823.7,612.0,992.0,625.2,
1012.8,3822.2,621.9,972.5,591.6,
998.0,3817.6,613.8,970.3,592.4,
980.6,3824.7,614.9,979.1,583.4,
987.5,3822.6,621.7,982.2,617.5,
1018.4,3823.7,622.2,1000.3,603.7,
1005.5,3819.9,634.5,961.9,608.4,
1014.5,3826.9,616.4,935.0,598.4,
999.2,3816.1,657.3,952.1,626.9,
996.3,3820.9,645.2,992.7,619.9,
970.0,3823.2,600.0,951.3,617.0,
991.8,3829.6,595.2,953.3,618.6,
949.3,3819.6,604.0,990.5,631.2,
978.7,3815.0,626.1,977.7,573.3,
986.9,3822.8,598.1,975.4,625.2,
996.3,3823.1,611.3,987.6,626.8,
991.3,3829.3,593.7,985.5,616.9,
995.9,3820.8,613.8,999.8,613.4,
993.2,3828.0,624.3,988.0,610.6,
991.7,3831.9,617.6,994.8,602.7,
1006.7,3827.3,632.8,987.7,606.9,
1017.0,3821.5,635.5,993.7,618.9,
1040.0,3826.6,606.5,997.1,609.0,
1004.1,3820.4,627.9,1016.6,576.7,
984.3,3826.7,636.5,1000.0,605.8,
1010.8,3819.0,619.0,1003.7,617.7,
983.5,3832.5,604.5,1009.9,616.6,
1012.9,3817.6,615.2,985.4,629.2,
1006.6,3827.3,633.8,1009.7,590.1,
987.2,3832.2,653.7,1007.0,606.8,
947.9,3826.8,618.5,998.1,617.0,
970.2,3817.6,612.4,1014.9,613.6,
990.6,3828.3,593.1,1010.5,607.7,
977.1,3822.8,579.8,1022.9,598.2,
965.6,3830.9,635.3,1033.5,614.6,
962.4,3825.1,629.6,1020.0,617.3,
986.5,3827.0,616.1,1014.9,617.8,
992.9,3827.2,624.4,1000.1,617.9,
1019.0,3828.2,629.3,1019.7,617.7,
982.0,3824.7,630.6,1012.4,621.6,
974.8,3824.6,631.9,1019.7,621.2,
979.6,3822.9,649.9,1018.7,613.9,
997.9,3820.7,625.8,1022.0,626.0,
1013.7,3830.6,609.8,1042.5,616.7,
973.0,3828.3,627.6,997.5,614.1,
980.6,3832.1,643.1,1000.7,608.8,
968.6,3832.8,628.0,1002.3,630.4,
968.3,3832.6,617.1,975.8,628.9,
982.4,3828.6,630.6,1000.5,632.2,
995.8,3827.5,602.2,1021.8,625.2,
964.6,3823.2,643.7,1048.1,631.1,
994.3,3827.9,627.8,1009.3,632.5,
1002.5,3825.6,614.0,1008.9,637.1,
990.7,3824.0,621.7,981.9,621.0,
982.6,3828.1,625.2,1018.5,638.9,
988.7,3830.2,611.8,993.4,631.9,
1002.3,3830.4,608.0,1005.4,600.5,
970.4,3833.2,638.3,1013.4,629.8,
1001.7,3826.5,611.4,979.6,637.8,
975.1,3832.6,607.9,1021.3,642.7,
950.4,3833.9,591.3,1011.7,643.5,
990.0,3827.4,627.3,1037.1,612.8,
947.8,3832.4,592.6,1030.6,658.3,
960.2,3826.5,642.7,998.6,655.3,
962.1,3822.6,610.1,1022.5,643.1,
967.5,3830.7,608.9,1033.5,639.4,
944.1,3833.4,623.1,1039.0,642.1,
957.2,3826.3,602.0,1036.1,593.7,
961.3,3825.6,608.2,1012.3,658.8,
956.7,3823.1,615.4,1020.7,629.4,
978.5,3825.2,603.9,1008.7,623.4,
954.1,3831.6,613.9,1020.3,634.9,
931.7,3834.7,602.6,1004.2,654.6,
946.6,3822.2,613.8,990.3,642.6,
973.3,3831.6,610.6,1022.5,629.5,
947.1,3832.4,608.8,1019.2,640.7,
936.4,3834.6,606.8,1025.2,636.6,
965.6,3826.7,615.9,1032.1,655.8,
924.8,3837.3,627.6,1033.1,629.4,
939.2,3824.7,615.0,1043.8,629.3,
947.3,3842.9,643.5,1006.9,653.9,
956.0,3835.3,601.1,1044.9,641.2,
927.4,3824.5,594.2,1006.3,635.1,
936.4,3836.3,594.2,1014.1,631.7,
950.0,3831.2,601.5,1010.9,634.3,
940.8,3826.9,613.6,1007.7,642.2,
936.1,3830.6,601.7,1001.7,639.0,
939.7,3828.9,601.3,1017.6,639.6,
968.9,3833.3,596.0,1009.0,631.3,
943.8,3830.2,595.8,1005.7,641.2,
945.2,3831.3,593.1,1003.7,637.4,
944.3,3828.4,595.3,1001.0,631.8,
923.7,3828.9,607.7,1019.9,630.2,
948.7,3827.9,613.9,1032.3,636.1,
943.2,3827.7,597.1,969.6,666.9,
947.3,3829.7,605.3,1002.5,622.2,
917.1,3830.2,582.4,1014.2,648.7,
930.3,3830.7,580.0,990.7,619.5,
916.3,3832.2,600.5,1020.9,652.6,
912.2,3824.3,585.2,985.2,617.1,
866.3,3849.4,583.3,1018.7,660.3,
913.8,3826.4,573.4,1004.4,604.9,
937.5,3829.5,581.9,991.3,623.4,
949.0,3828.1,613.7,1009.1,615.3,
916.2,3834.0,587.0,990.8,616.7,
925.1,3826.6,587.6,1016.2,633.2,
923.9,3829.7,567.4,1027.3,626.5,
884.6,3837.4,573.9,957.6,655.1,
923.8,3828.6,579.6,995.7,612.8,
912.5,3831.1,551.2,997.6,629.1,
935.2,3831.7,578.7,1005.5,629.9,
915.5,3832.3,568.1,1014.3,624.3,
956.0,3822.6,564.9,1015.8,649.4,
940.3,3837.7,561.8,986.5,619.2,
931.2,3828.5,566.6,1016.2,610.3,
906.1,3825.1,542.5,980.0,625.5,
925.2,3831.0,600.4,984.8,602.6,
932.0,3831.0,543.7,978.0,618.6,
933.9,3829.0,563.1,978.6,653.2,
925.1,3835.3,569.3,1009.6,633.9,
936.7,3830.4,560.5,1001.8,614.3,
935.0,3832.1,564.2,976.1,600.6,
937.4,3828.7,564.4,991.5,627.6,
926.6,3836.5,570.5,991.6,628.9,
926.6,3840.7,574.2,977.9,620.1,
941.7,3836.7,563.4,992.9,629.1,
941.3,3824.2,558.8,972.4,626.6,
945.5,3828.7,568.8,987.9,615.7,
932.9,3830.4,554.4,971.4,617.7,
932.9,3830.5,569.0,961.6,624.4,
940.4,3828.5,560.6,984.2,619.5,
937.9,3841.2,557.3,987.9,624.3,
936.4,3829.9,547.2,964.5,642.8,
946.1,3836.0,546.1,970.5,636.7,
938.5,3826.7,580.5,951.4,617.8,
943.1,3834.3,569.9,935.3,614.0,
945.1,3835.2,556.4,981.6,647.1,
952.2,3837.0,552.2,983.2,614.3,
946.1,3829.9,565.8,994.5,623.5,
942.1,3829.0,550.4,958.9,593.4,
977.1,3835.2,555.3,977.5,616.2,
963.4,3834.4,554.1,968.5,615.3,
952.5,3834.2,537.4,969.9,614.1,
949.1,3823.9,538.6,914.4,622.1,
964.1,3831.6,588.7,970.5,597.1,
956.5,3830.7,560.3,964.1,637.2,
938.8,3833.2,533.5,957.6,599.3,
971.5,3830.9,556.5,1003.8,602.3,
983.1,3837.1,560.1,957.2,582.6,
936.8,3828.0,565.1,949.5,595.4,
956.2,3833.5,580.1,980.7,619.2,
962.5,3831.9,544.8,942.1,549.3,
951.6,3832.6,560.7,952.1,622.4,
964.4,3825.4,580.1,960.0,581.0,
956.8,3829.8,561.3,951.5,598.7,
938.9,3828.4,572.9,943.3,611.2,
959.1,3826.8,573.3,953.6,600.4,
939.0,3830.0,563.2,963.7,535.5,
947.0,3829.6,574.0,969.8,614.6,
978.1,3826.4,579.4,923.9,588.3,
955.8,3824.8,572.2,952.7,612.4,
960.7,3827.2,573.7,974.9,608.1,
944.4,3831.7,572.8,961.1,598.1,
927.6,3824.5,579.1,938.3,590.3,
947.3,3830.7,583.1,937.3,592.2,
923.8,3829.1,577.1,931.5,602.2,
955.9,3826.8,575.3,995.8,583.5,
942.4,3826.3,580.1,908.5,569.1,
958.0,3828.7,589.3,943.3,554.4,
980.5,3828.9,578.6,909.5,566.0,
910.5,3823.9,586.4,941.8,587.2,
1005.0,3824.3,585.7,958.8,580.7,
945.3,3831.2,584.2,953.5,564.8,
973.7,3822.7,591.1,949.1,556.1,
953.5,3831.6,576.0,940.8,612.8,
961.2,3828.9,595.4,942.6,578.1,
973.8,3827.7,592.1,980.1,573.8,
955.3,3826.0,579.9,948.1,569.0,
960.7,3832.5,567.7,927.3,575.5,
990.5,3833.6,581.4,947.4,590.2,
973.8,3831.6,594.2,929.5,573.9,
957.3,3824.7,589.6,865.2,551.1,
944.8,3825.0,544.3,958.2,565.5,
975.7,3818.1,627.0,964.3,569.5,
975.6,3823.9,577.9,851.0,529.6,
959.7,3831.0,614.8,940.3,577.7,
941.9,3828.1,613.7,973.3,591.6,
950.2,3821.0,598.5,947.7,567.1,
934.8,3833.1,606.4,928.4,590.7,
994.9,3832.4,590.4,967.6,562.5,
972.1,3827.7,573.3,951.2,563.9,
955.7,3822.8,612.3,962.2,564.4,
967.3,3824.1,605.8,961.1,539.6,
949.6,3831.5,597.8,947.7,597.6,
971.0,3826.7,597.2,934.3,473.6,
1009.6,3825.3,600.6,960.6,565.8,
969.7,3835.8,581.7,959.2,590.5,
996.9,3831.5,576.6,958.0,569.5,
965.9,3834.6,581.4,962.8,586.3,
986.9,3821.0,551.9,966.2,599.7,
940.7,3828.1,587.2,961.0,558.3,
995.8,3818.7,562.6,978.4,559.6,
975.6,3831.2,613.2,975.8,578.5,
980.7,3829.7,583.9,966.3,557.0,
1006.7,3836.9,601.4,961.2,578.8,
982.3,3826.3,616.2,970.4,631.4,
964.3,3836.1,627.4,980.5,586.8,
996.9,3835.9,570.7,974.1,597.9,
958.9,3828.3,577.0,962.5,566.3,
999.5,3832.2,600.2,978.1,560.5,
930.5,3825.3,623.8,969.9,587.9,
944.9,3828.5,641.4,1005.4,613.4,
1010.3,3823.1,584.1,963.8,544.6,
980.8,3829.5,598.0,977.1,605.4,
994.0,3825.2,601.2,985.5,562.4,
963.4,3827.8,595.7,974.9,555.2,
982.3,3827.0,585.7,983.4,572.7,
995.6,3820.7,633.5,964.8,575.7,
953.0,3836.1,611.1,1010.4,573.9,
975.9,3827.9,650.1,978.3,588.3,
989.1,3831.0,595.9,967.0,577.5,
1005.1,3829.6,549.4,990.2,568.3,
983.4,3829.4,625.3,982.5,574.3,
1001.0,3827.5,614.6,954.6,588.6,
1010.9,3834.3,596.6,996.4,575.3,
1001.7,3819.8,597.1,957.7,575.4,
1012.6,3821.0,612.5,974.3,576.5,
988.1,3825.1,604.9,990.1,588.3,
951.6,3823.3,616.1,987.8,584.6,
1003.5,3830.0,600.1,1018.8,597.4,
952.1,3817.7,605.4,995.5,574.3,
947.5,3823.6,633.5,983.2,585.5,
998.8,3829.9,571.3,974.9,588.0,
989.8,3829.7,619.6,989.2,581.4,
980.3,3819.6,523.0,998.7,583.7,
979.0,3834.3,579.2,983.5,588.9,
944.3,3833.3,635.7,989.4,593.4,
988.7,3831.4,610.0,979.5,603.4,
979.2,3831.2,604.7,955.9,592.5,
976.0,3824.7,593.8,985.3,594.6,
974.3,3822.9,631.0,986.0,577.7,
971.6,3824.1,599.4,990.7,587.9,
993.3,3826.4,593.6,1000.2,590.4,
963.4,3830.9,582.1,955.2,592.5,
981.9,3828.1,630.8,987.3,591.9,
974.8,3828.4,608.1,967.7,598.7,
973.8,3830.6,611.2,987.0,596.3,
946.9,3828.3,615.1,966.5,594.0,
970.6,3826.0,598.2,979.9,597.8,
980.6,3827.9,607.8,972.6,587.1,
971.2,3832.7,597.6,958.0,589.5,
972.1,3827.6,594.4,949.4,603.6,
1001.5,3831.4,589.8,967.6,604.1,
1001.8,3834.1,628.1,1017.9,603.2,
992.5,3835.5,610.3,943.4,588.6,
969.3,3822.6,611.0,989.1,604.8,
968.4,3830.5,579.8,971.5,592.2,
965.2,3833.8,613.5,960.1,611.6,
977.2,3830.8,610.0,983.8,625.0,
967.8,3831.8,602.3,1012.6,588.4,
975.3,3829.5,600.6,982.9,605.2,
978.7,3828.8,596.8,991.9,598.1,
954.7,3831.9,604.5,980.3,598.6,
975.4,3825.9,624.9,977.2,588.1,
966.9,3827.7,621.4,1002.6,546.3,
988.1,3827.7,612.2,990.2,603.3,
973.0,3828.8,608.9,1019.9,563.0,
976.7,3828.9,616.6,991.8,594.9,
941.6,3824.3,586.1,991.0,591.5,
992.3,3826.4,587.6,1005.4,612.6,
982.0,3833.3,619.4,1000.7,562.5,
973.2,3828.3,612.5,958.3,574.9,
987.5,3830.7,598.0,994.4,587.0,
977.1,3818.2,586.3,979.1,617.2,
981.4,3828.6,609.6,1000.4,596.2,
970.2,3826.3,619.9,979.9,612.6,
979.4,3832.3,583.7,989.9,600.8,
961.3,3831.8,615.3,993.8,606.6,
971.8,3828.1,640.8,986.4,595.5,
963.8,3829.7,608.7,988.8,595.8,
974.9,3826.9,619.1,993.1,599.1,
989.6,3816.2,648.8,1001.1,603.2,
990.6,3832.2,632.6,967.8,590.4,
974.5,3828.1,602.4,971.1,600.1,
982.2,3828.9,620.8,999.9,618.5,
939.5,3827.5,621.6,997.2,609.0,
978.7,3826.1,597.7,994.5,604.4,
959.2,3821.8,596.6,975.1,602.6,
974.2,3832.0,601.6,1013.5,583.3,
967.6,3815.8,633.2,971.4,615.3,
974.3,3832.1,599.5,960.4,618.9,
998.3,3827.2,612.3,1001.4,610.6,
960.4,3827.2,597.4,933.3,575.7,
960.3,3823.8,604.2,989.5,576.7,
964.4,3829.4,645.8,1007.4,561.9,
964.8,3831.4,611.7,1002.6,602.0,
973.4,3826.7,614.8,989.2,615.5,
959.7,3830.4,602.4,983.5,598.6,
967.8,3827.3,602.8,993.3,602.3,
962.9,3828.6,591.1,996.6,602.2,
960.3,3828.6,603.9,989.9,589.1,
958.0,3832.3,568.6,986.4,593.1,
969.9,3822.2,630.6,970.7,601.8,
985.7,3828.6,589.9,943.3,599.3,
964.9,3817.4,624.5,988.3,591.8,
977.6,3831.5,621.0,990.9,601.9,
965.1,3827.8,633.9,992.7,589.5,
964.3,3825.1,593.0,993.8,591.6,
971.4,3829.1,635.3,1002.9,589.7,
975.6,3826.5,592.7,996.5,608.2,
951.3,3836.7,646.3,994.6,608.6,
963.2,3831.8,637.7,998.7,633.1,
1011.6,3820.6,612.3,1000.1,644.4,
975.8,3826.9,604.7,1017.0,599.8,
1007.6,3820.9,607.6,1001.7,583.0,
1025.5,3825.9,631.1,994.8,588.5,
994.0,3832.2,598.5,1002.5,603.7,
935.3,3820.4,626.3,1013.3,619.2,
963.0,3831.5,613.0,988.4,622.8,
974.4,3820.7,626.2,985.9,592.8,
973.4,3828.5,602.8,984.8,617.7,
978.6,3823.8,626.0,977.7,585.1,
994.8,3834.6,603.0,983.2,614.3,
976.5,3832.8,593.2,981.9,600.5,
985.9,3820.9,592.9,976.3,572.7,
990.0,3826.2,591.6,993.5,618.6,
939.5,3826.1,623.5,986.0,538.3,
968.4,3823.6,606.8,986.9,587.1,
973.7,3825.8,643.0,990.6,609.7,
969.6,3828.7,630.5,986.6,602.5,
958.3,3828.7,575.4,992.5,594.3,
968.5,3824.0,616.1,981.8,616.1,
978.9,3826.9,589.3,1007.8,594.6,
963.3,3830.3,634.2,1015.1,613.8,
976.8,3829.6,623.5,989.2,603.1,
987.0,3827.7,577.2,1014.4,639.9,
969.1,3828.7,621.4,1003.9,601.8,
998.0,3827.9,624.9,994.8,584.8,
931.5,3830.1,616.1,1011.0,609.2,
965.1,3829.6,624.4,1016.8,597.9,
991.9,3827.4,586.1,988.1,564.9,
957.0,3831.1,596.5,962.1,552.6,
951.0,3827.1,577.5,997.7,596.6,
973.2,3821.6,636.5,1020.9,583.8,
994.0,3829.2,663.2,957.6,605.7,
960.2,3826.3,605.2,961.6,615.3,
971.9,3823.0,627.9,1013.8,607.4,
945.2,3831.5,620.1,1002.3,590.0,
988.0,3829.7,620.2,988.7,600.3,
986.4,3827.2,597.9,987.1,613.1,
977.6,3823.9,616.3,946.0,582.6,
978.9,3825.2,635.7,993.5,613.0,
999.5,3827.6,556.7,952.4,603.2,
994.4,3820.8,584.0,986.8,598.5,
954.1,3834.0,574.9,961.2,609.6,
956.2,3819.7,656.3,969.9,594.0,
1002.7,3827.0,597.7,957.4,609.9,
961.4,3828.5,614.9,992.3,587.6,
983.2,3833.3,519.5,906.4,574.4,
967.1,3815.7,611.5,978.4,620.7,
978.1,3826.3,689.7,1031.6,607.8,
922.1,3832.6,628.4,951.9,520.9,
967.0,3830.4,613.0,962.0,582.4,
1007.6,3829.4,603.5,985.5,600.4,
980.7,3831.5,617.0,988.5,613.5,
966.9,3827.6,608.8,1005.6,597.6,
949.5,3830.2,598.2,986.8,598.7,
1001.8,3834.0,609.0,1016.3,592.1,
982.6,3837.7,564.8,991.3,591.2,
985.2,3825.2,612.1,998.6,587.6,
969.0,3835.4,568.6,979.9,613.3,
953.2,3826.2,602.7,974.2,600.0,
967.3,3831.0,597.3,967.2,595.7,
933.2,3829.1,607.8,986.5,597.6,
990.7,3827.4,616.2,900.7,593.4,
976.5,3830.8,617.8,979.6,578.4,
967.7,3828.5,628.8,969.9,594.4,
961.0,3826.2,630.0,980.5,583.8,
983.2,3832.1,613.4,982.9,592.4,
967.1,3826.6,609.3,983.4,586.9,
985.6,3823.0,580.4,982.8,595.1,
995.4,3832.6,583.9,988.4,586.3,
968.4,3823.5,614.2,984.3,585.1,
989.9,3827.2,591.2,943.5,576.2,
967.1,3829.8,585.4,1010.8,586.5,
955.2,3827.2,590.5,1017.1,592.7,
989.0,3823.8,612.2,976.3,580.4,
940.4,3828.9,604.1,1006.6,575.3,
968.6,3830.0,616.2,982.7,582.8,
933.9,3828.8,611.6,986.4,587.4,
958.2,3815.8,579.8,982.3,583.6,
960.7,3825.8,599.8,1005.1,585.4,
950.1,3828.4,595.5,1005.0,583.1,
968.5,3826.6,626.4,960.3,581.9,
965.8,3828.4,637.6,993.6,582.4,
955.7,3825.6,612.5,985.1,578.8,
976.9,3826.5,606.4,965.8,577.2,
1011.6,3820.0,612.0,975.4,573.1,
962.8,3826.0,608.5,1007.1,589.7,
987.6,3835.6,599.8,951.6,593.8,
975.7,3831.8,623.9,981.9,569.7,
964.8,3821.3,594.2,966.4,603.6,
993.3,3822.3,622.0,978.6,561.9,
950.2,3829.1,597.9,989.1,548.1,
974.1,3827.8,612.5,994.8,568.9,
993.1,3824.8,613.5,973.1,561.7,
957.2,3831.7,592.3,968.4,568.6,
948.7,3830.3,612.9,962.6,518.0,
953.2,3825.0,604.8,947.9,534.0,
993.1,3831.0,592.6,992.7,576.5,
969.8,3821.7,586.9,980.3,591.8,
959.2,3824.1,594.7,985.8,567.7,
971.4,3829.5,605.0,974.3,573.5,
991.5,3832.4,619.2,990.3,563.8,
971.0,3831.7,585.1,975.6,553.4,
985.7,3829.0,586.4,974.3,560.4,
975.6,3832.6,603.9,969.5,567.0,
961.5,3829.2,592.0,960.7,562.1,
971.2,3824.1,606.4,968.6,562.3,
996.7,3831.7,619.1,986.4,584.1,
972.2,3825.3,579.4,961.6,572.0,
956.0,3834.4,604.4,961.5,600.1,
974.6,3825.1,591.3,964.7,535.6,
970.9,3826.9,617.2,968.2,557.7,
967.0,3828.2,568.2,957.0,563.0,
961.9,3832.2,580.3,953.8,579.2,
896.6,3833.8,580.8,964.0,563.6,
913.5,3830.4,587.3,954.4,562.6,
968.6,3826.1,543.1,955.3,565.1,
982.3,3832.3,583.9,956.8,549.3,
956.6,3833.2,587.0,966.9,561.0,
980.7,3821.9,592.5,961.4,565.4,
964.0,3825.3,575.3,959.4,564.3,
959.3,3831.9,579.9,946.8,577.9,
957.3,3830.4,587.3,953.2,564.3,
979.1,3825.0,599.8,962.6,563.6,
956.2,3826.7,587.7,948.9,570.9,
967.2,3829.4,584.2,956.8,578.3,
960.9,3823.5,591.6,952.4,570.0,
934.6,3828.8,592.4,948.1,585.4,
941.8,3821.6,602.1,998.1,600.3,
979.0,3825.5,604.4,933.6,595.2,
951.5,3830.8,575.4,963.4,551.6,
957.7,3836.3,574.2,945.5,592.9,
914.3,3831.7,561.7,964.5,566.9,
973.5,3833.1,600.1,972.8,541.5,
952.8,3829.5,579.5,959.0,608.0,
942.7,3832.8,587.0,943.6,569.2,
966.9,3825.2,579.0,963.5,592.9,
974.3,3838.7,596.9,969.6,575.4,
953.6,3831.9,581.3,944.4,597.8,
959.2,3827.2,580.6,946.7,585.8,
974.2,3831.1,594.2,982.7,606.4,
943.2,3827.5,585.8,950.2,541.3,
958.6,3829.6,595.8,945.5,589.8,
955.0,3827.2,568.0,935.2,589.3,
979.8,3823.9,572.6,940.9,566.6,
964.7,3826.0,578.5,960.1,608.4,
926.7,3830.8,576.5,969.2,569.3,
919.4,3836.1,556.4,947.2,577.8,
940.7,3820.7,587.6,948.6,565.2,
978.5,3820.4,569.1,977.0,606.7,
959.0,3824.6,567.5,963.4,581.8,
913.9,3822.5,585.9,964.4,605.3,
952.4,3827.7,567.8,955.9,587.8,
959.3,3832.9,571.8,967.0,597.8,
938.8,3824.5,573.9,947.3,598.3,
945.7,3831.1,578.7,959.4,585.8,
936.0,3832.3,554.8,962.1,606.0,
914.1,3836.4,580.6,967.3,593.2,
927.5,3829.3,557.8,940.9,582.7,
944.0,3826.4,554.9,974.9,577.6,
941.5,3827.2,565.4,968.0,607.2,
926.9,3832.4,579.2,991.3,587.8,
959.7,3824.0,542.6,949.2,598.8,
955.8,3825.8,544.8,988.5,599.5,
1010.4,3832.3,561.9,960.3,652.0,
968.3,3831.8,550.1,943.6,616.3,
953.6,3830.0,584.9,979.2,606.3,
972.4,3835.0,539.2,961.2,588.5,
939.6,3826.5,543.7,974.3,614.6,
984.2,3833.8,574.5,956.3,625.5,
950.3,3835.7,546.6,922.1,578.5,
1004.2,3837.0,539.7,974.9,610.5,
956.1,3830.9,609.1,896.4,611.0,
924.3,3832.2,537.5,879.9,633.1,
919.7,3831.9,574.3,996.6,602.7,
931.2,3830.5,562.5,985.4,591.0,
950.3,3832.9,582.0,959.4,591.6,
932.6,3828.6,565.6,946.1,623.8,
927.3,3823.9,535.8,991.1,618.2,
927.9,3832.4,539.0,998.5,603.2,
939.6,3829.1,569.7,993.0,642.6,
931.3,3831.4,585.9,998.3,612.1,
936.4,3832.2,605.4,993.1,602.9,
931.2,3837.5,513.3,994.6,622.7,
926.1,3827.5,548.7,1016.0,590.2,
937.6,3833.4,618.5,967.0,670.2,
941.0,3824.5,563.5,1008.0,583.3,
934.3,3831.6,567.7,1004.3,639.5,
913.1,3836.6,574.4,1032.5,601.5,
916.6,3837.8,573.4,968.6,608.3,
913.3,3835.0,571.3,989.9,601.3,
891.1,3833.5,599.2,977.9,647.5,
931.8,3821.9,587.4,1000.3,611.3,
919.3,3827.7,591.0,1008.1,641.1,
913.3,3827.6,578.3,977.6,606.2,
912.2,3831.8,575.1,1008.4,633.1,
927.6,3833.4,563.4,1021.6,660.7,
927.4,3827.5,594.1,1008.4,658.5,
922.9,3831.1,590.6,1000.9,617.2,
888.6,3839.4,599.7,1062.9,624.1,
895.7,3830.2,603.7,1013.9,606.1,
909.2,3821.6,606.4,1043.3,624.5,
891.5,3821.8,524.7,999.9,596.2,
915.1,3824.8,612.9,1039.0,615.1,
921.6,3831.3,551.5,1007.0,616.2,
914.7,3826.8,575.8,976.0,655.3,
911.1,3836.1,592.8,997.8,660.2,
952.6,3836.0,602.8,1014.1,624.2,
941.4,3829.7,609.8,992.8,632.1,
937.4,3824.8,575.5,1027.3,633.3,
931.7,3831.0,614.7,1030.1,626.8,
928.2,3824.9,590.9,983.3,626.8,
919.7,3825.2,602.1,1020.4,636.2,
918.1,3830.1,626.9,1034.2,619.8,
931.6,3822.2,631.2,1006.0,650.6,
926.4,3843.9,626.3,1024.2,635.6,
937.2,3826.9,620.4,1009.1,621.7,
954.0,3829.3,642.0,1033.3,585.5,
938.4,3830.4,541.8,979.0,605.9,
929.6,3825.1,604.7,1010.6,606.8,
932.2,3829.5,659.6,1024.5,637.5,
981.9,3825.5,639.3,1023.6,624.9,
936.1,3827.5,597.4,1032.2,607.2,
957.0,3834.1,622.3,1010.7,634.8,
906.5,3827.6,625.7,1028.0,617.4,
974.0,3826.9,608.9,1052.9,630.4,
953.9,3828.6,604.8,1022.1,610.0,
918.8,3836.1,602.6,1022.0,627.8,
912.3,3823.6,650.6,1017.4,599.2,
989.9,3837.5,602.3,1034.0,608.5,
985.1,3833.6,619.9,985.5,663.2,
922.0,3821.2,616.6,1005.4,622.7,
1008.7,3836.7,633.2,1007.4,641.3,
963.3,3834.2,607.3,1023.3,628.6,
1003.9,3832.9,607.8,1044.2,629.1,
955.2,3824.6,627.0,1028.9,646.6,
969.3,3828.4,637.3,1041.1,640.1,
895.7,3825.5,627.6,1023.0,645.1,
947.6,3823.7,616.6,1002.1,676.5,
960.0,3822.0,621.6,1037.7,629.6,
988.2,3828.2,619.6,1037.2,660.5,
981.6,3830.8,607.6,1000.7,647.9,
974.2,3816.4,591.4,993.1,645.7,
955.3,3831.5,622.2,1038.6,611.5,
957.8,3826.4,609.1,1010.6,624.9,
946.5,3832.3,623.3,1006.9,621.7,
954.9,3829.9,630.0,1028.9,618.3,
958.6,3826.8,629.8,1017.7,620.0,
979.5,3829.7,577.1,1065.9,608.9,
989.1,3837.1,608.7,1020.2,612.6,
969.9,3833.3,618.0,1015.0,621.4,
996.0,3826.7,624.4,1017.2,605.4,
975.8,3827.4,608.1,1021.9,614.1,
1006.7,3833.3,669.4,1018.0,606.1,
981.9,3827.0,633.9,1010.2,613.7,
984.1,3832.5,630.5,1020.6,623.4,
983.3,3827.9,647.2,1018.7,604.8,
997.1,3829.8,628.4,1019.3,611.8,
989.1,3823.5,628.6,1026.8,616.3,
970.5,3818.3,630.6,1025.2,607.5,
981.2,3826.5,652.2,1034.1,620.3,
946.5,3828.9,660.1,1025.9,619.6,
988.8,3825.9,628.7,1017.0,613.5,
1000.9,3829.9,624.4,1013.1,609.0,
986.0,3820.3,658.4,983.8,625.1,
956.1,3823.8,602.5,1012.4,581.1,
984.9,3819.4,630.5,1006.9,608.2,
984.4,3823.5,606.9,1004.1,607.7,
1012.9,3824.9,590.8,984.0,595.6,
1014.2,3827.5,622.9,998.0,596.1,
985.2,3820.9,641.0,1005.7,597.3,
967.1,3821.2,595.8,998.2,608.7,
986.4,3833.0,622.8,1003.2,611.8,
985.8,3825.2,612.5,994.7,608.4,
971.9,3814.8,570.2,999.3,594.9,
990.1,3818.4,603.6,997.6,611.7,
980.7,3822.9,628.4,991.9,588.0,
950.9,3828.7,623.5,1005.7,577.6,
988.9,3820.4,619.9,995.5,582.3,
986.9,3823.9,617.5,983.5,590.0,
976.1,3827.7,635.3,980.5,605.8,
1018.5,3821.6,635.2,985.5,578.4,
988.7,3822.3,627.6,982.5,595.9,
976.8,3825.2,639.0,958.4,591.6,
1021.7,3829.1,633.5,977.6,590.7,
986.0,3820.5,628.2,969.7,601.0,
990.9,3820.1,626.5,970.3,594.6,
986.9,3824.7,616.7,971.4,600.2,
1012.9,3830.0,634.7,978.1,606.2,
1008.6,3823.5,621.5,985.8,596.4,
1006.0,3822.6,605.7,985.9,622.3,
999.4,3830.2,614.6,995.8,622.6,
997.2,3824.7,616.2,986.7,600.3,
993.4,3816.7,608.1,973.6,589.3,
978.6,3826.1,612.0,996.6,619.2,
981.9,3823.7,602.8,991.3,582.2,
982.3,3824.4,608.0,992.0,611.9,
981.1,3831.4,601.7,975.3,552.9,
1020.6,3830.6,594.6,989.7,605.0,
989.6,3830.1,601.8,982.0,598.3,
978.0,3823.7,608.8,991.3,608.7,
931.5,3820.7,609.3,986.5,616.5,
951.6,3829.1,605.7,960.1,605.6,
965.2,3824.8,597.6,999.6,607.3,
983.3,3825.2,609.1,978.7,613.8,
964.7,3824.7,610.7,965.1,633.2,
1000.8,3824.3,608.8,976.6,602.8,
951.6,3819.2,588.9,986.1,599.6,
985.3,3827.4,606.1,993.9,604.5,
982.8,3821.4,608.5,984.7,601.4,
1015.3,3825.4,583.0,950.8,626.3,
983.7,3824.1,584.8,1012.7,591.4,
972.4,3826.6,584.9,1000.0,622.3,
981.6,3822.9,586.0,988.3,613.2,
1001.3,3825.7,569.6,1001.9,616.3,
969.0,3822.5,585.1,1002.6,612.2,
999.3,3828.3,572.2,997.1,618.3,
978.1,3825.8,600.1,995.5,645.5,
972.0,3825.2,577.8,1005.7,618.3,
983.6,3822.8,589.3,984.0,617.9,
975.7,3828.1,590.9,954.0,647.8,
964.9,3821.1,588.5,997.0,645.0,
970.7,3822.0,590.1,1027.0,647.1,
960.7,3827.4,590.2,989.5,630.2,
962.8,3829.3,588.3,1027.1,603.5,
962.8,3825.6,586.9,999.5,607.8,
956.0,3828.3,589.1,915.8,610.8,
966.8,3829.1,593.9,989.6,603.7,
965.6,3826.8,583.0,978.0,585.7,
966.3,3825.0,588.0,999.3,619.5,
959.7,3828.0,589.1,1010.5,622.7,
968.6,3829.3,594.9,983.0,612.9,
952.8,3825.6,570.6,998.5,634.1,
962.4,3823.6,614.2,949.8,650.2,
958.1,3822.9,599.1,1000.3,618.2,
951.7,3820.1,632.5,998.4,670.9,
966.1,3831.0,612.9,1016.9,605.5,
961.7,3825.5,603.9,989.1,618.9,
938.7,3828.5,597.0,1027.5,627.4,
944.7,3839.6,589.3,992.8,619.2,
954.1,3830.3,597.7,1020.0,598.4,
939.4,3827.5,585.8,1055.0,673.2,
993.3,3826.2,607.0,964.1,608.1,
948.6,3830.2,597.5,1024.3,636.8,
949.5,3824.4,598.0,1018.9,622.7,
945.8,3828.4,596.4,1019.5,592.2,
945.3,3820.7,588.2,993.8,623.9,
941.6,3827.1,600.6,1000.4,595.3,
949.7,3825.3,581.9,990.1,609.1,
928.7,3830.2,602.9,998.0,613.0,
948.5,3832.0,623.0,981.0,647.2,
913.1,3830.5,607.0,989.1,636.7,
961.5,3835.9,605.9,1002.6,618.6,
925.8,3833.6,576.9,985.5,623.1,
892.6,3825.3,610.6,990.3,599.7,
926.7,3828.3,600.5,1031.8,631.7,
910.5,3828.7,595.6,991.4,587.6,
955.6,3821.1,602.1,961.3,592.4,
966.4,3830.3,597.7,1012.8,597.2,
950.0,3827.7,590.9,995.4,624.6,
926.8,3832.8,596.4,998.3,670.2,
959.5,3830.7,575.8,1010.7,564.6,
954.4,3829.4,610.4,972.3,598.1,
952.0,3832.3,597.7,1034.3,568.9,
963.1,3826.6,608.3,1031.6,620.7,
973.2,3827.4,605.5,993.5,622.1,
968.3,3824.3,604.0,996.5,627.3,
1004.3,3833.3,606.7,1011.6,617.5,
974.8,3833.5,645.2,989.8,588.0,
948.0,3830.8,632.8,996.2,636.2,
957.4,3823.1,594.8,988.5,580.6,
956.1,3824.4,581.5,986.9,624.7,
973.2,3828.5,637.7,1009.6,578.7,
984.4,3823.2,591.2,989.5,603.9,
945.2,3822.4,616.8,962.2,619.3,
929.9,3813.5,551.9,929.0,614.5,
953.2,3814.2,609.7,997.5,608.6,
937.1,3823.0,594.0,1000.0,603.9,
938.4,3831.4,589.6,993.8,591.1,
950.1,3830.0,591.5,952.8,607.8,
961.9,3825.7,557.7,1002.2,577.6,
984.0,3830.2,615.2,1009.0,615.6,
962.6,3826.6,603.6,1003.9,599.9,
956.0,3833.5,632.5,985.0,582.0,
960.9,3826.0,605.8,986.1,621.9,
977.8,3830.2,632.9,995.0,623.0,
952.0,3834.4,621.0,986.1,581.9,
978.1,3826.8,609.7,985.8,605.7,
960.2,3829.3,617.0,969.8,584.6,
952.5,3824.7,593.8,1003.2,617.3,
948.9,3819.2,635.5,1000.9,590.5,
993.6,3818.4,596.1,977.0,626.8,
952.5,3835.6,586.9,942.7,570.4,
975.6,3832.7,616.6,964.5,621.2,
965.0,3831.6,569.5,987.2,582.9,
959.6,3831.9,627.4,955.7,597.3,
954.6,3825.6,612.6,1004.4,580.5,
942.5,3828.8,616.9,994.6,580.8,
986.1,3825.3,622.6,999.4,589.5,
962.6,3830.3,586.4,976.9,595.3,
969.6,3829.0,598.3,949.8,595.6,
927.3,3832.9,580.5,984.6,592.2,
972.9,3827.8,608.1,982.8,568.8,
991.3,3835.7,587.4,978.7,598.6,
972.5,3829.5,614.8,973.2,579.5,
941.9,3827.2,606.9,982.7,577.2,
1009.1,3838.3,596.8,963.7,581.6,
986.6,3826.8,571.4,926.0,573.7,
949.1,3841.6,599.9,984.0,577.1,
978.2,3828.9,538.8,1033.3,569.6,
992.0,3840.1,603.5,997.2,567.1,
966.8,3832.1,515.8,995.0,585.9,
1020.7,3824.9,626.9,1007.8,588.0,
998.1,3835.8,571.6,986.0,566.6,
983.2,3832.0,592.5,1001.8,584.0,
959.0,3828.1,571.7,1004.4,574.3,
1006.3,3832.7,630.3,978.3,543.8,
981.6,3829.2,593.8,968.0,551.5,
957.5,3823.1,607.2,989.5,553.8,
960.5,3833.8,566.0,987.3,573.4,
950.7,3824.5,589.7,976.3,579.7,
985.3,3825.3,589.8,964.6,558.5,
1003.9,3835.9,523.4,993.7,577.9,
993.6,3826.8,594.7,986.2,526.1,
978.2,3828.2,640.8,995.1,589.4,
961.4,3828.4,573.9,980.3,561.4,
939.4,3825.7,622.8,954.1,552.6,
945.0,3840.7,539.7,964.6,562.7,
975.7,3829.0,612.7,968.4,602.1,
967.2,3830.6,598.5,960.6,566.3,
952.6,3829.3,576.5,966.1,574.6,
970.5,3832.7,581.8,954.5,567.5,
976.0,3830.9,599.4,964.2,543.1,
967.5,3829.2,600.5,966.1,566.0,
926.8,3823.1,580.7,957.4,590.1,
944.6,3820.9,588.2,967.0,552.3,
944.6,3825.0,597.8,969.9,569.9,
947.2,3836.0,632.2,959.7,565.0,
972.6,3825.6,588.7,943.7,561.3,
955.1,3821.0,529.3,970.5,567.4,
1004.2,3826.3,636.0,940.1,559.2,
963.8,3824.0,588.8,961.8,577.2,
965.5,3830.2,594.0,962.4,572.9,
932.9,3826.6,589.1,979.2,567.2,
971.3,3827.7,568.3,954.1,541.4,
996.6,3831.4,608.9,951.5,573.5,
953.5,3825.5,581.5,982.5,534.1,
958.0,3826.2,585.5,948.8,542.9,
938.0,3826.5,572.2,935.9,506.0,
958.8,3830.7,597.5,964.3,524.2,
936.4,3821.9,588.8,947.0,566.1,
939.2,3821.6,609.6,923.1,584.4,
943.5,3831.2,581.3,923.2,563.4,
950.6,3827.1,584.6,940.1,571.9,
976.5,3829.5,608.1,976.1,558.5,
944.3,3823.8,554.7,947.8,588.7,
948.9,3830.5,585.1,912.1,593.0,
974.4,3816.4,607.6,939.7,572.7,
989.4,3821.3,585.6,943.6,589.2,
955.7,3829.2,582.4,950.6,576.9,
932.8,3821.2,586.5,955.4,538.7,
939.7,3828.0,576.3,941.2,601.6,
964.5,3833.2,570.7,979.7,571.1,
923.2,3834.7,573.4,968.7,606.7,
947.1,3824.4,571.5,959.5,582.4,
942.4,3826.0,572.4,967.7,599.0,
955.4,3825.0,566.6,956.1,592.4,
942.7,3830.1,566.2,958.4,566.6,
951.7,3827.9,570.4,936.3,585.0,
975.7,3824.0,566.9,960.9,586.7,
951.5,3832.5,572.5,957.7,589.1,
965.1,3829.1,561.5,948.1,591.6,
932.6,3829.7,574.9,999.9,614.3,
943.2,3828.3,565.1,952.8,581.8,
960.0,3827.6,561.2,970.6,573.1,
937.2,3830.6,562.9,983.2,511.4,
948.8,3834.4,565.6,932.5,596.0,
933.9,3827.2,559.5,984.7,629.3,
979.8,3832.7,561.1,956.9,590.0,
948.3,3829.1,532.6,968.7,590.3,
954.2,3834.7,538.3,963.2,625.6,
959.7,3828.9,563.3,958.3,587.6,
952.4,3826.0,551.3,936.2,581.1,
966.4,3822.6,560.6,980.1,592.0,
966.4,3832.2,571.3,942.1,604.1,
946.2,3832.9,565.4,952.5,574.4,
963.2,3834.0,540.6,964.4,609.1,
948.4,3835.9,529.0,959.1,592.7,
941.6,3826.3,540.0,982.8,589.6,
982.5,3827.3,562.8,934.9,588.4,
943.6,3829.6,557.4,977.9,639.2,
934.8,3829.7,541.8,977.5,606.9,
943.7,3830.1,566.8,962.2,621.7,
960.8,3828.8,561.4,955.7,565.5,
942.7,3825.9,567.5,953.2,602.5,
936.0,3832.4,584.7,981.5,599.6,
943.7,3826.5,537.7,971.7,606.3,
958.9,3829.8,562.7,949.5,609.3,
932.2,3825.7,556.4,983.0,590.6,
956.6,3824.3,561.3,990.6,594.4,
960.7,3827.2,540.4,951.8,601.4,
956.2,3830.9,537.9,958.8,581.5,
941.9,3830.2,583.3,991.2,588.9,
944.1,3828.5,544.3,970.8,595.5,
950.0,3826.8,560.3,964.6,607.1,
959.3,3833.3,558.5,980.1,618.9,
967.4,3829.8,560.4,970.3,585.4,
948.8,3830.5,565.0,890.7,620.4,
948.7,3840.9,507.7,947.6,566.1,
956.7,3830.1,547.9,982.2,645.5,
949.8,3835.5,572.2,978.8,599.4,
912.9,3830.8,566.7,1055.0,651.3,
952.8,3823.2,541.9,968.2,619.9,
945.5,3832.2,542.7,972.7,596.2,
949.3,3828.6,568.8,959.0,558.4,
941.6,3823.9,552.3,1011.7,638.1,
948.7,3838.1,546.5,966.1,585.2,
966.9,3831.1,544.5,988.1,646.6,
945.8,3832.7,549.6,992.0,609.1,
934.8,3829.8,573.1,951.0,600.5,
942.5,3833.3,545.0,974.4,577.7,
955.9,3828.0,561.7,996.3,559.1,
948.5,3831.1,547.2,938.4,627.4,
944.7,3837.2,549.8,983.6,598.7,
954.5,3827.4,570.4,994.9,609.9,
942.0,3831.2,545.7,975.7,602.4,
963.1,3833.7,555.7,973.7,600.6,
943.2,3838.3,568.8,977.2,618.4,
960.5,3834.8,567.1,962.3,597.9,
953.3,3832.3,541.2,1014.0,619.9,
923.7,3827.3,558.9,968.2,598.5,
943.1,3843.5,542.4,947.7,596.4,
962.2,3834.6,540.9,979.0,595.2,
932.9,3829.2,551.9,982.5,596.9,
949.7,3828.2,542.4,943.2,626.7,
946.6,3836.2,556.0,964.3,618.7,
942.0,3830.5,560.6,933.1,595.5,
938.7,3833.3,561.7,991.9,601.9,
943.9,3824.9,562.9,958.5,589.9,
947.5,3838.6,552.7,960.6,603.0,
939.0,3836.3,578.3,984.0,589.9,
945.2,3829.5,555.4,962.9,605.0,
937.9,3830.3,552.9,977.9,619.4,
939.1,3831.8,574.8,941.9,604.0,
950.8,3830.8,541.2,925.1,612.2,
956.0,3835.3,549.8,961.3,620.3,
941.5,3841.7,563.1,1012.8,602.3,
949.0,3837.8,583.9,967.0,598.4,
956.7,3831.3,542.5,980.9,609.6,
945.0,3836.7,568.9,979.4,589.5,
954.0,3828.7,585.7,969.0,595.8,
914.3,3832.2,490.4,948.2,644.6,
1003.9,3832.6,527.0,968.4,573.0,
944.5,3827.5,546.0,991.4,607.9,
963.3,3832.4,550.7,959.7,566.3,
956.1,3829.5,528.4,990.8,572.1,
947.3,3833.4,572.2,965.6,585.5,
943.1,3833.1,581.7,951.0,566.9,
984.6,3827.9,526.0,939.3,599.5,
940.3,3824.9,583.6,968.6,573.8,
993.9,3834.0,567.5,957.7,578.9,
930.8,3833.7,551.9,906.4,613.4,
953.6,3831.4,517.0,974.0,598.3,
939.6,3827.0,564.7,957.2,548.1,
932.4,3832.4,565.5,940.2,568.5,
896.7,3832.4,575.7,973.9,619.1,
973.9,3831.8,574.8,985.0,592.3,
990.3,3828.4,565.3,972.0,597.5,
913.5,3825.6,565.4,953.1,599.7,
969.6,3830.4,568.0,930.3,574.0,
956.7,3825.4,557.1,961.8,599.6,
956.1,3830.4,575.2,976.1,559.5,
963.0,3834.1,568.6,942.6,601.3,
944.2,3823.4,571.9,953.9,585.0,
926.1,3822.6,581.2,961.4,586.2,
954.7,3833.4,580.6,953.6,580.3,
967.7,3822.5,572.9,958.9,595.1,
937.7,3827.5,574.9,904.4,563.8,
968.1,3830.3,579.4,951.7,569.0,
961.8,3833.0,584.5,963.2,587.4,
954.3,3826.2,580.9,931.4,586.2,
958.0,3827.9,597.2,962.1,584.1,
931.9,3820.2,585.3,951.4,565.5,
983.7,3820.6,575.6,942.7,566.2,
964.8,3824.7,585.8,949.7,567.5,
968.7,3819.6,602.8,945.6,591.8,
948.2,3830.0,583.8,964.3,577.7,
941.6,3834.5,594.7,953.4,581.5,
966.8,3828.0,599.0,959.9,553.4,
950.8,3828.4,589.2,949.5,564.0,
996.8,3831.0,574.5,949.6,572.4,
931.8,3826.0,610.0,974.0,564.1,
962.3,3831.0,585.9,952.4,547.2,
979.4,3828.8,584.9,941.2,552.8,
957.6,3830.7,570.5,978.0,578.9,
921.0,3828.7,599.2,939.9,579.5,
982.1,3825.5,579.2,965.1,576.6,
979.3,3833.2,584.0,950.9,558.8,
931.6,3833.7,580.3,975.2,568.0,
974.5,3830.1,616.9,965.8,551.6,
961.3,3836.5,588.7,969.1,562.6,
978.4,3825.1,591.9,967.6,536.1,
978.4,3818.2,576.4,962.1,573.0,
976.0,3834.7,589.2,966.6,584.5,
958.2,3834.7,576.7,973.6,551.2,
961.2,3826.8,593.3,977.2,563.9,
932.9,3829.0,582.9,972.0,571.7,
966.0,3828.3,586.9,979.5,505.6,
963.8,3825.9,579.0,984.9,614.8,
973.7,3836.8,592.0,975.3,565.9,
943.4,3829.8,600.7,966.0,568.4,
995.2,3827.7,543.1,982.4,576.0,
968.7,3831.0,580.4,983.7,570.9,
956.5,3823.8,611.5,962.0,571.0,
959.5,3825.2,610.3,988.5,573.0,
960.2,3838.8,633.4,1016.7,583.2,
999.3,3832.0,590.0,992.3,578.1,
946.6,3830.5,611.9,977.0,577.4,
977.3,3828.6,609.1,982.8,576.5,
967.0,3826.3,597.0,974.5,581.8,
975.4,3831.2,612.7,1032.4,572.7,
982.2,3836.6,615.7,996.9,572.7,
959.7,3829.6,605.0,970.6,588.5,
972.1,3832.5,612.8,990.1,592.3,
977.3,3830.4,599.5,955.1,593.8,
963.5,3830.4,618.2,990.5,623.7,
956.7,3826.9,604.2,1054.0,634.9,
953.3,3829.1,608.4,982.0,593.3,
948.0,3829.7,591.6,987.9,599.0,
963.8,3829.9,590.5,996.1,595.4,
961.7,3829.3,606.9,988.3,598.6,
946.3,3823.5,625.9,973.3,589.2,
968.9,3836.3,598.2,1011.1,584.7,
986.5,3827.5,584.4,971.5,593.0,
963.4,3827.0,581.3,977.8,574.6,
946.9,3829.9,606.2,1002.2,620.9,
957.5,3827.4,617.3,1043.1,559.3,
970.3,3827.2,608.5,1000.2,595.3,
973.9,3827.4,623.7,1011.2,599.2,
950.8,3828.8,604.1,987.1,582.3,
956.4,3830.3,597.5,1004.7,590.8,
931.6,3826.8,614.3,997.1,589.6,
949.4,3831.3,626.1,1002.0,601.2,
952.3,3828.2,604.4,985.8,604.9,
960.0,3833.5,610.7,1021.0,590.3,
949.7,3827.1,601.9,998.2,614.5,
973.1,3830.5,610.1,994.8,602.5,
959.5,3830.8,598.0,1012.6,623.1,
959.2,3829.7,629.4,1014.8,610.3,
984.6,3829.3,619.7,978.5,615.6,
963.1,3820.0,600.8,1018.4,588.4,
943.6,3822.8,623.7,976.3,644.8,
937.8,3829.0,582.3,1059.7,587.0,
972.7,3828.8,609.9,974.3,604.6,
950.0,3834.0,563.9,1011.0,586.1,
951.9,3832.6,593.5,1048.9,595.7,
953.2,3826.7,610.1,1023.0,616.3,
935.3,3822.0,618.8,1018.3,635.8,
949.3,3829.0,610.5,1015.4,621.5,
953.3,3833.2,626.0,1048.6,634.5,
968.0,3820.2,598.7,1000.2,638.1,
931.2,3833.7,576.9,1005.7,614.2,
939.7,3826.6,599.0,1034.2,614.8,
945.2,3822.7,598.8,1016.6,615.2,
949.3,3824.8,582.2,1012.0,611.1,
971.8,3825.8,606.8,1007.4,625.6,
959.9,3816.5,606.6,1007.3,615.2,
960.6,3834.3,612.2,994.9,581.3,
968.7,3822.6,585.6,993.8,654.1,
960.1,3829.9,597.8,1005.9,618.3,
962.1,3826.3,561.1,1004.4,593.4,
965.7,3826.1,605.5,1008.2,617.4,
974.4,3830.4,592.7,1008.9,589.3,
967.8,3832.1,588.7,959.5,600.6,
963.0,3832.0,596.3,981.0,638.3,
968.4,3843.5,596.4,974.6,593.0,
968.4,3826.7,593.6,997.8,614.1,
960.1,3833.7,582.6,994.0,606.9,
982.3,3826.5,590.6,1000.9,629.9,
963.1,3825.4,569.7,987.5,644.2,
981.4,3824.5,593.6,1008.3,601.2,
978.8,3830.2,589.1,989.7,625.1,
993.5,3826.1,598.9,993.5,575.8,
988.0,3825.7,584.3,980.8,616.1,
998.0,3827.0,599.0,997.8,597.4,
962.4,3824.8,579.1,977.5,657.8,
983.2,3819.5,594.7,988.0,601.9,
983.6,3831.1,618.8,998.1,588.4,
963.5,3827.7,600.9,997.0,634.3,
954.4,3827.9,599.8,969.1,617.4,
982.9,3829.1,601.4,973.4,626.9,
975.3,3823.4,597.9,962.6,591.9,
999.2,3820.7,614.1,982.3,566.5,
957.4,3826.3,601.8,998.3,605.5,
978.5,3823.6,601.1,975.1,589.8,
951.6,3818.8,613.0,935.9,590.6,
960.2,3821.9,600.3,997.3,619.6,
978.4,3818.5,602.5,952.8,631.9,
964.0,3820.0,607.6,980.2,601.8,
968.6,3816.8,603.4,998.7,580.8,
996.9,3826.2,603.9,961.6,627.3,
979.7,3823.8,610.0,1019.2,608.2,
1001.6,3827.2,616.7,981.8,596.9,
995.4,3820.1,630.8,948.6,644.4,
983.7,3821.9,616.0,942.0,585.3,
1000.0,3819.9,614.0,950.2,598.3,
984.7,3820.4,640.3,950.4,606.6,
990.3,3823.6,593.0,989.3,586.3,
1007.5,3826.1,629.6,981.6,585.5,
1016.4,3825.9,613.1,981.2,583.9,
982.7,3828.2,598.6,1016.3,619.9,
977.2,3824.6,607.8,998.5,618.6,
987.0,3823.9,622.3,994.2,594.6,
981.3,3829.8,640.4,1021.3,604.3,
999.4,3829.4,645.1,995.7,583.9,
998.9,3822.2,609.3,990.5,616.0,
989.0,3830.2,629.7,994.5,616.3,
963.7,3828.8,618.4,1010.7,626.3,
998.2,3814.5,621.8,991.5,587.8,
994.8,3819.3,624.8,994.0,601.7,
976.0,3815.7,600.6,999.8,581.6,
1006.1,3826.2,671.3,1008.0,587.2,
985.5,3821.3,633.9,1002.5,588.3,
1016.9,3821.8,609.6,1006.0,621.7,
981.9,3833.3,614.6,997.3,590.9,
981.2,3821.0,628.6,1004.6,582.1,
1002.8,3821.9,613.4,1014.4,583.2,
982.6,3827.1,635.6,995.3,597.9,
980.4,3831.7,621.9,1007.1,591.6,
998.9,3822.8,612.4,1008.4,604.3,
1004.7,3833.4,598.3,1014.8,608.4,
988.7,3819.9,600.5,1040.8,584.3,
1009.1,3820.6,626.8,1010.5,611.8,
977.1,3835.4,620.0,1020.5,611.4,
989.8,3827.9,627.2,1004.8,608.1,
1020.3,3822.4,601.4,1038.8,616.2,
997.7,3821.7,629.1,1024.3,604.2,
971.2,3828.2,629.2,1031.7,608.4,
957.6,3827.8,623.2,1027.4,615.9,
941.9,3830.0,633.8,1022.5,616.8,
978.7,3834.6,634.8,1039.0,613.5,
998.9,3823.7,557.8,1012.1,622.5,
1000.3,3818.1,623.6,1047.1,618.1,
979.4,3825.0,609.0,1011.7,617.4,
977.4,3831.6,626.5,1010.4,606.0,
992.2,3829.4,615.7,1013.8,612.9,
982.4,3838.0,626.3,1020.7,614.2,
990.6,3827.0,614.8,1017.2,610.8,
969.1,3829.2,592.1,1011.9,612.2,
962.4,3832.3,633.9,1002.8,610.8,
981.7,3833.6,624.9,1017.1,607.9,
957.6,3827.8,644.8,1014.8,635.9,
1024.7,3821.8,632.9,1002.2,626.6,
948.5,3823.9,624.3,1000.0,634.5,
988.3,3829.8,613.2,1020.5,622.1,
951.8,3829.6,609.7,994.9,653.2,
945.7,3829.5,600.4,1019.1,629.2,
957.5,3825.4,588.8,1003.7,653.0,
958.6,3823.9,603.2,1010.8,647.0,
963.2,3830.9,609.5,1007.2,590.0,
961.3,3833.1,615.1,1019.5,625.1,
945.4,3836.3,616.9,1022.7,616.4,
935.9,3830.8,629.5,1035.5,624.2,
969.3,3833.0,596.9,966.2,635.4,
946.6,3837.5,615.0,1021.5,626.9,
967.7,3831.9,615.2,1018.8,612.6,
942.0,3829.3,602.2,1025.3,619.2,
932.8,3830.0,615.3,1028.5,604.2,
933.6,3833.4,614.9,1033.1,634.1,
924.3,3828.1,615.1,1014.7,618.9,
963.7,3834.4,595.8,1034.7,625.5,
899.5,3831.2,617.9,1004.1,587.3,
930.7,3834.2,604.5,1049.8,617.4,
937.1,3831.7,601.4,1015.1,628.7,
983.7,3831.8,600.3,1011.9,604.8,
954.9,3825.4,608.5,1020.6,609.7,
937.7,3827.9,614.3,1007.8,610.2,
938.2,3830.8,609.3,1014.2,637.7,
948.1,3829.9,601.5,1013.3,614.4,
934.3,3830.4,600.8,989.0,610.5,
925.9,3826.7,606.7,1015.0,626.8,
912.0,3825.5,595.3,980.3,638.0,
922.8,3831.4,598.6,1010.1,624.1,
977.6,3833.2,613.5,1042.5,626.7,
943.9,3831.4,606.4,960.5,668.9,
927.4,3822.5,616.2,994.3,663.9,
915.3,3830.4,578.9,986.0,605.8,
933.4,3827.2,594.9,1004.8,627.1,
900.5,3827.1,586.3,1029.4,642.9,
959.6,3830.8,591.6,1017.2,630.5,
914.1,3830.5,587.5,1012.0,617.7,
947.6,3829.4,581.9,1019.5,629.7,
913.2,3837.2,573.7,1008.7,641.1,
922.1,3839.6,599.2,1004.2,629.8,
920.9,3828.3,563.9,1007.6,638.7,
905.5,3831.8,596.1,1007.8,582.8,
957.7,3836.5,591.3,981.6,595.4,
917.9,3834.9,581.6,1005.1,629.1,
919.9,3828.9,583.9,967.6,608.3,
917.2,3829.2,574.7,992.4,622.6,
888.3,3835.0,549.5,1001.0,607.8,
911.5,3823.0,598.7,996.9,596.0,
899.9,3825.2,565.6,1004.6,618.6,
899.4,3831.6,596.4,1001.1,606.5,
928.3,3836.4,555.0,959.1,563.3,
914.5,3834.0,564.2,1000.7,641.8,
924.6,3834.1,568.5,1005.2,624.8,
934.6,3830.4,584.9,991.8,608.5,
927.7,3839.6,565.0,1018.9,607.1,
944.7,3833.2,572.2,1005.6,630.8,
938.0,3836.1,569.3,995.9,633.6,
934.2,3838.0,573.9,979.9,633.4,
931.4,3831.4,553.6,979.4,639.8,
934.5,3828.3,569.4,1000.4,612.0,
934.0,3834.8,556.6,990.4,609.9,
934.3,3831.0,566.0,989.4,625.9,
945.4,3833.6,556.0,986.6,619.4,
943.8,3836.2,555.3,980.0,605.3,
944.5,3841.2,568.1,995.9,617.0,
946.4,3832.9,550.4,982.0,614.1,
933.0,3834.9,565.9,968.2,615.9,
932.7,3828.9,567.5,992.8,621.8,
972.4,3830.0,534.9,956.2,619.9,
934.2,3836.2,572.7,973.1,617.5,
956.3,3831.5,552.2,987.6,610.2,
936.8,3830.0,576.3,961.9,602.5,
939.7,3826.3,564.5,976.5,609.7,
956.4,3836.3,555.5,964.3,603.4,
946.8,3829.8,568.4,985.0,608.2,
970.8,3830.7,523.6,992.5,536.3,
887.3,3827.5,556.4,961.4,595.8,
940.5,3827.8,540.0,986.3,586.8,
957.7,3831.2,561.8,962.7,584.5,
965.3,3828.0,547.5,960.4,591.8,
943.2,3834.1,567.4,962.1,577.5,
959.4,3830.5,570.9,969.9,578.0,
931.5,3827.4,567.4,961.4,586.3,
943.2,3832.2,575.4,942.7,578.4,
950.4,3829.4,573.4,989.0,590.5,
958.8,3827.9,580.7,945.9,598.8,
959.4,3826.7,571.5,984.5,579.7,
960.6,3825.8,569.0,983.0,602.8,
944.8,3829.5,571.2,945.8,588.5,
961.9,3818.7,571.5,975.1,586.1,
962.4,3834.0,581.9,934.2,612.9,
950.8,3832.1,592.0,970.3,621.5,
939.4,3828.4,600.0,945.1,531.7,
965.2,3824.4,589.2,953.2,545.4,
961.3,3825.9,598.9,946.9,577.9,
950.0,3825.2,599.9,950.2,603.1,
959.5,3829.7,582.4,945.9,548.3,
974.9,3823.7,591.9,953.0,578.1,
976.8,3829.3,566.7,948.6,609.7,
949.6,3839.8,562.4,964.6,570.6,
940.1,3829.3,584.2,962.5,572.7,
951.6,3830.0,591.9,957.7,563.7,
1009.0,3830.3,600.4,963.8,562.6,
978.9,3834.2,617.7,968.6,594.1,
979.5,3825.1,597.5,972.1,613.8,
983.8,3826.0,603.1,974.6,524.8,
989.4,3826.4,566.8,966.5,560.6,
954.5,3821.4,607.9,965.2,625.2,
965.1,3827.1,601.3,959.6,568.0,
968.1,3823.8,601.0,962.8,588.4,
962.9,3829.1,606.9,973.8,587.1,
958.0,3828.8,611.3,959.7,533.7,
978.2,3833.9,668.2,973.5,546.7,
967.0,3825.3,602.1,967.4,528.0,
964.0,3831.0,596.5,976.5,512.2,
966.7,3832.5,582.2,973.1,572.7,
966.9,3830.7,603.6,995.8,553.4,
982.3,3833.2,605.4,980.5,569.0,
976.2,3825.4,595.3,981.5,523.4,
961.8,3830.2,596.4,983.4,549.5,
988.6,3828.1,586.7,1004.0,591.1,
853.7,3832.4,636.9,983.0,569.1,
1004.5,3828.0,579.8,978.3,587.2,
966.4,3828.4,595.1,969.3,564.2,
971.1,3824.7,610.0,988.5,562.4,
967.6,3835.8,551.3,1016.8,577.7,
977.6,3830.1,634.4,986.4,576.5,
948.8,3832.3,575.5,992.2,584.3,
986.1,3821.8,573.7,980.0,569.7,
983.2,3826.9,642.3,1014.2,569.2,
977.7,3828.2,612.2,958.4,576.9,
982.9,3827.1,600.1,995.2,570.1,
973.0,3836.4,605.2,985.0,579.1,
967.7,3825.4,616.5,992.0,569.4,
968.9,3827.5,612.4,967.2,586.1,
954.1,3834.2,603.7,993.7,578.4,
980.8,3832.2,634.7,1007.6,565.5,
985.3,3833.7,600.8,1012.7,599.2,
941.3,3829.2,640.0,974.7,598.6,
973.2,3819.8,578.0,979.2,583.3,
934.2,3835.6,594.2,997.4,599.0,
970.2,3825.8,616.8,984.1,588.4,
1022.4,3832.3,602.5,954.0,593.9,
944.9,3830.2,593.7,998.3,619.0,
1008.9,3828.7,614.1,988.0,594.9,
970.6,3832.2,655.6,1023.3,583.5,
977.9,3831.7,617.5,1014.1,583.9,
957.3,3837.4,630.7,1027.4,614.3,
980.1,3829.6,599.3,996.4,594.8,
941.4,3834.0,621.5,995.3,572.8,
993.3,3829.8,594.8,988.1,629.8,
942.9,3828.8,578.9,997.3,592.8,
967.3,3830.4,603.2,963.8,588.0,
929.5,3824.7,630.5,1004.4,600.0,
971.0,3823.0,615.5,991.5,586.2,
923.3,3829.2,608.9,987.8,616.8,
1011.1,3826.7,622.5,994.4,594.3,
995.3,3829.0,621.7,1001.8,576.6,
967.5,3829.0,625.2,1003.5,620.9,
976.9,3833.0,578.9,1009.5,572.0,
957.1,3825.1,612.9,998.2,599.6,
959.6,3828.3,624.7,995.2,625.5,
950.4,3832.7,605.0,1044.8,591.2,
970.0,3826.8,608.0,1014.7,624.3,
928.0,3828.5,603.5,1006.4,607.4,
953.4,3833.7,638.5,1025.5,593.1,
1002.8,3832.3,628.1,1017.5,620.2,
971.1,3817.9,618.9,1010.4,605.9,
965.8,3823.5,627.3,1030.8,595.3,
983.5,3823.0,623.1,1014.0,569.6,
966.8,3825.9,603.4,1007.4,606.0,
976.9,3830.9,607.0,1029.0,606.0,
965.4,3819.7,604.3,1001.3,611.2,
980.3,3826.3,634.1,992.3,548.2,
923.8,3824.9,594.5,1010.0,637.6,
943.0,3832.8,614.5,1002.7,605.4,
966.4,3827.8,627.5,1013.7,615.9,
971.0,3829.7,606.4,1017.4,610.9,
931.6,3831.1,585.8,954.2,570.5,
941.4,3824.9,614.0,1004.6,600.4,
944.4,3832.2,612.1,1005.0,625.2,
945.6,3826.6,607.0,1005.9,623.9,
946.2,3821.8,603.5,999.4,600.5,
944.4,3831.7,611.6,1023.3,613.2,
961.1,3827.6,597.0,1010.4,612.5,
970.0,3833.9,597.1,1012.3,572.2,
961.2,3832.9,628.3,1019.5,609.3,
964.8,3822.3,604.9,1037.1,616.2,
955.3,3822.6,585.7,1028.9,621.9,
967.7,3832.1,619.0,1020.6,614.6,
946.3,3831.6,608.9,1004.1,623.8,
948.4,3831.6,608.2,1030.0,640.8,
961.6,3824.2,607.3,1022.4,643.0,
944.5,3828.5,645.0,982.9,602.1,
938.0,3823.9,587.2,1000.8,608.3,
965.1,3823.9,591.9,1001.0,619.4,
952.2,3832.0,604.1,1013.9,602.5,
932.0,3830.4,617.9,1007.2,606.8,
929.7,3827.4,520.9,1023.3,577.7,
961.7,3825.5,587.2,1000.7,607.3,
940.4,3828.2,601.4,1003.9,613.3,
967.4,3834.6,594.5,1003.9,611.5,
964.7,3829.4,603.2,1010.1,626.2,
957.4,3824.2,597.4,1004.5,616.8,
971.0,3825.5,606.5,991.7,619.1,
963.3,3829.3,593.0,1012.7,617.2,
969.3,3839.8,596.6,1027.1,592.7,
969.4,3831.7,623.3,1004.0,637.6,
968.1,3833.7,587.9,1018.3,613.3,
963.7,3826.0,589.8,990.1,619.8,
965.8,3823.3,567.9,986.7,547.2,
964.3,3833.2,587.3,984.1,637.1,
964.0,3823.4,589.9,1007.0,660.7,
972.1,3833.4,616.3,994.7,626.7,
964.9,3827.2,588.5,1018.9,612.8,
965.9,3828.5,612.3,996.3,621.9,
977.3,3825.1,599.3,1001.6,624.7,
980.7,3825.2,583.7,1013.5,619.8,
977.4,3824.7,570.9,1008.1,622.6,
982.9,3828.4,588.9,993.2,625.0,
995.1,3834.9,607.5,998.8,618.8,
986.7,3825.5,587.7,987.1,616.0,
983.6,3822.1,591.2,1019.8,593.7,
983.5,3825.0,583.6,1011.4,603.1,
985.9,3828.0,604.2,987.9,586.4,
996.7,3821.7,589.3,978.3,632.3,
1024.5,3826.0,605.5,1008.4,640.7,
971.0,3825.8,579.1,963.4,606.6,
1010.8,3825.0,615.0,1035.4,583.6,
1010.8,3829.2,589.0,997.9,619.5,
1013.6,3826.3,613.5,1012.1,604.6,
976.4,3819.7,602.2,989.1,609.5,
965.3,3824.6,602.1,990.7,599.2,
971.7,3823.8,597.2,991.7,605.2,
991.2,3825.6,599.6,991.7,620.8,
987.0,3825.4,598.8,988.2,588.0,
953.7,3820.9,603.6,990.4,605.6,
1001.6,3823.4,612.8,1014.9,619.9,
982.3,3824.0,600.5,988.3,608.9,
981.6,3824.2,605.5,975.6,600.8,
985.5,3820.8,597.2,1003.9,615.6,
985.4,3820.1,605.8,982.2,600.2,
961.9,3822.6,605.3,990.7,601.2,
972.2,3832.0,606.9,972.8,599.1,
1000.8,3819.8,610.8,1004.1,612.2,
970.7,3824.8,604.8,990.8,594.0,
1005.9,3819.4,581.7,953.7,605.2,
978.9,3826.9,609.2,953.9,610.1,
960.4,3823.5,628.9,987.9,612.1,
1012.2,3823.1,630.0,943.0,593.9,
987.4,3818.2,618.7,981.8,586.3,
979.4,3820.4,620.7,1001.6,609.7,
984.0,3833.2,624.1,984.5,599.5,
995.4,3818.0,626.9,996.1,599.9,
992.2,3825.4,634.8,985.7,594.9,
1002.8,3827.2,628.4,990.0,593.5,
987.6,3825.7,607.4,987.8,595.7,
991.7,3829.9,630.6,990.5,604.4,
1036.1,3821.3,620.9,979.2,592.2,
981.7,3811.0,601.9,1009.7,596.3,
1006.2,3820.1,607.3,1022.4,636.3,
972.6,3828.3,604.4,1002.4,555.0,
1007.8,3832.4,605.0,1009.1,601.5,
966.0,3817.6,631.8,1001.1,581.6,
976.9,3822.2,598.4,997.9,599.2,
984.2,3820.5,615.1,1002.5,557.6,
992.8,3827.4,625.3,1001.2,588.2,
979.9,3821.5,612.2,996.7,582.9,
984.2,3829.3,623.0,1007.2,562.5,
999.9,3821.2,614.0,1005.2,568.8,
979.8,3820.4,629.7,997.6,589.5,
977.6,3822.0,616.5,1002.4,593.7,
1023.6,3828.9,601.9,999.7,602.1,
987.1,3817.3,606.7,1002.4,609.8,
964.4,3819.9,617.7,1000.7,612.0,
959.8,3818.8,622.2,990.4,615.9,
995.8,3821.3,612.1,1014.1,581.5,
1050.0,3842.0,641.2,1004.4,580.9,
992.1,3819.4,666.0,1029.1,615.7,
999.2,3823.2,602.7,1015.3,575.8,
981.4,3828.9,615.7,1022.6,609.4,
985.3,3822.8,614.1,1014.5,612.8,
946.9,3830.5,634.4,970.8,625.2,
982.1,3815.5,607.0,1026.6,607.0,
974.9,3824.8,624.3,1028.2,600.6,
964.8,3816.1,622.5,1062.9,605.6,
987.2,3833.8,627.4,1029.7,615.7,
976.9,3819.8,616.0,1022.3,617.9,
1006.3,3824.7,626.0,1026.9,613.5,
976.1,3835.7,620.4,1032.9,606.5,
980.1,3828.8,639.1,1011.7,606.7,
985.1,3824.9,628.8,1044.3,610.4,
993.5,3827.2,581.0,1064.3,612.1,
954.9,3821.2,604.4,1032.3,609.4,
971.9,3825.6,640.7,1018.6,607.4,
945.9,3820.6,633.4,1036.8,604.5,
972.6,3828.9,611.7,1002.9,615.3,
976.7,3833.4,626.6,955.3,622.1,
1049.9,3830.1,597.8,1014.1,602.5,
970.6,3821.6,621.5,1022.7,609.2,
1002.4,3833.4,670.6,1009.5,618.6,
986.4,3830.0,603.7,1050.8,623.9,
955.3,3819.4,624.3,995.7,607.4,
998.9,3825.0,653.4,1024.2,637.8,
948.1,3829.9,616.1,1013.3,628.4,
1006.4,3829.3,616.2,1033.7,633.7,
955.2,3828.5,595.9,1013.1,623.6,
978.0,3829.8,622.3,1008.2,616.5,
992.9,3828.9,640.4,1000.3,596.3,
965.6,3826.0,637.1,1036.4,658.5,
968.0,3822.4,607.2,1038.2,649.6,
1037.7,3830.9,615.8,1046.2,651.1,
946.8,3841.5,598.8,1026.4,630.8,
995.7,3832.4,606.2,991.5,632.1,
950.7,3826.7,616.7,1046.4,606.2,
941.8,3836.5,599.5,1026.6,647.7,
952.5,3821.4,577.8,1011.6,621.4,
979.2,3832.0,640.6,976.6,631.9,
973.9,3838.1,628.0,1028.4,631.5,
992.6,3827.1,589.5,977.2,637.2,
976.9,3833.6,623.9,975.9,620.1,
957.9,3832.7,588.2,1036.6,620.5,
937.7,3824.3,593.7,1071.0,606.2,
953.8,3824.0,605.7,1019.4,622.4,
946.5,3825.0,605.6,1043.8,602.9,
917.4,3834.4,598.6,1026.1,633.5,
968.5,3827.0,614.2,1019.6,637.5,
970.2,3835.1,645.6,995.2,631.4,
956.0,3833.4,615.3,1040.5,613.5,
956.4,3836.7,606.0,1035.8,651.1,
934.9,3839.2,648.9,1058.9,646.8,
981.9,3835.1,571.5,1039.5,609.8,
960.0,3838.2,641.2,1041.3,614.7,
922.5,3824.0,606.0,1029.7,594.6,
887.8,3833.3,616.3,1023.5,632.9,
972.1,3834.3,618.8,1038.2,636.5,
933.5,3828.3,617.3,1024.1,638.7,
913.7,3828.8,605.6,1014.4,640.4,
922.4,3826.3,605.6,1011.3,626.4,
935.2,3836.1,608.7,1014.9,633.1,
936.4,3830.5,633.7,1025.8,630.5,
960.6,3833.7,601.1,1022.8,615.6,
941.9,3831.1,625.1,1035.3,621.7,
942.3,3834.5,603.8,993.2,647.0,
977.7,3833.3,600.6,1015.1,609.4,
988.9,3828.5,601.8,1015.0,660.3,
919.8,3830.2,596.4,1024.5,613.8,
887.8,3829.6,632.1,1047.0,651.4,
968.4,3823.4,581.1,1009.7,611.2,
919.9,3829.2,602.1,1035.3,592.4,
945.0,3827.1,582.6,1003.8,626.5,
